name	sex	birth_date	request_id	analysis_name	analysis_date	variants
Тестовый образец 118	ж	03.10.2003	58239804.3	Определение статуса генов BRCA1 и BRCA2 методом NGS		
Тестовый образец 118	ж	03.10.2003	58239804.2	Определение статуса генов BRCA1 и BRCA2 методом NGS		
Тестовый образец 65	м	08.07.2005	42255965	Предрасположенность к развитию рака молочной железы / яичников (гены BRCA1 и BRCA2, метод NGS)		
Тестовый образец 118	ж	03.10.2003	58239804	Определение статуса генов BRCA1 и BRCA2 методом NGS		
Тестовый образец 1	м	09.11.1982	29487422	Определение статуса генов BRCA1 и BRCA2 методом NGS		chr13-32316435-G-A-het,chr13-32337751-A-G-het,chr13-32338162-T-C-het,chr13-32338918-A-G-hom,chr13-32340868-G-C-hom,chr13-32355095-A-G-het,chr13-32355250-T-C-hom,chr13-32362509-T-C-het,chr17-43071077-T-C-het,chr17-43082453-A-G-het,chr17-43091983-T-C-het,chr17-43092418-T-C-het,chr17-43092919-G-A-het,chr17-43093220-A-G-het,chr17-43093449-G-A-het
Тестовый образец 2	ж	10.01.2001	29487469	Предрасположенность к развитию рака молочной железы / яичников (гены BRCA1 и BRCA2, метод NGS)		chr13-32316435-G-A-het,chr13-32337751-A-G-het,chr13-32338162-T-C-het,chr13-32338423-G-A-het,chr13-32338918-A-G-hom,chr13-32340868-G-C-hom,chr13-32355250-T-C-hom,chr17-43071077-T-C-het,chr17-43082453-A-G-het,chr17-43091983-T-C-het,chr17-43092418-T-C-het,chr17-43092919-G-A-het,chr17-43093220-A-G-het,chr17-43093449-G-A-het,chr17-43093454-C-T-het
Тестовый образец 3	ж	07.04.1963	29487489	Предрасположенность к развитию рака молочной железы / яичников (гены BRCA1 и BRCA2, метод NGS)		chr13-32316435-G-A-het,chr13-32337751-A-G-het,chr13-32338162-T-C-het,chr13-32338918-A-G-hom,chr13-32340868-G-C-hom,chr13-32355095-A-G-het,chr13-32355250-T-C-hom,chr13-32362509-T-C-het
Тестовый образец 4	ж	27.02.1959	29579118	Определение статуса генов BRCA1 и BRCA2 методом NGS		
Тестовый образец 5	м	16.11.1978	29657342	Определение статуса генов BRCA1 и BRCA2 методом NGS		chr13-32332592-A-C-het,chr13-32338162-T-C-het,chr13-32338918-A-G-hom,chr13-32340868-G-C-hom,chr13-32355250-T-C-hom,chr13-32363389-G-T-het,chr17-43071077-T-C-het,chr17-43076474-T-C-het,chr17-43082453-A-G-het,chr17-43091983-T-C-het,chr17-43092418-T-C-het,chr17-43092919-G-A-het,chr17-43093220-A-G-het,chr17-43093449-G-A-het
Тестовый образец 6	ж	12.05.1991	29657740	Определение статуса генов BRCA1 и BRCA2 методом NGS		chr13-32316435-G-A-hom,chr13-32332832-CT-C-het,chr13-32337751-A-G-hom,chr13-32338918-A-G-hom,chr13-32340868-G-C-hom,chr13-32355095-A-G-hom,chr13-32355250-T-C-hom,chr13-32362509-T-C-hom,chr17-43071077-T-C-het,chr17-43082453-A-G-het,chr17-43091983-T-C-het,chr17-43092418-T-C-het,chr17-43092919-G-A-het,chr17-43093220-A-G-het,chr17-43093449-G-A-het
Тестовый образец 7	м	15.08.1964	29657741	Определение статуса генов BRCA1 и BRCA2 методом NGS		chr13-32316435-G-A-hom,chr13-32332832-CT-C-het,chr13-32337751-A-G-hom,chr13-32338918-A-G-hom,chr13-32340868-G-C-hom,chr13-32355095-A-G-hom,chr13-32355250-T-C-hom,chr13-32362509-T-C-hom,chr17-43071077-T-C-het,chr17-43082453-A-G-het,chr17-43091983-T-C-het,chr17-43092418-T-C-het,chr17-43092919-G-A-het,chr17-43093220-A-G-het,chr17-43093449-G-A-het
Тестовый образец 8	м	04.07.2006	29657742	Предрасположенность к развитию рака молочной железы / яичников (гены BRCA1 и BRCA2, метод NGS)		chr13-32316435-G-A-hom,chr13-32337751-A-G-hom,chr13-32338918-A-G-hom,chr13-32340868-G-C-hom,chr13-32355095-A-G-hom,chr13-32355250-T-C-hom,chr13-32362509-T-C-hom
Тестовый образец 9	м	04.05.1983	32995005	Предрасположенность к развитию рака молочной железы / яичников (гены BRCA1 и BRCA2, метод NGS)		chr13-32316435-G-A-het,chr13-32332592-A-C-het,chr13-32337751-A-G-het,chr13-32338918-A-G-hom,chr13-32340868-G-C-hom,chr13-32355250-T-C-hom
Тестовый образец 10	ж	04.02.1986	32995100	Предрасположенность к развитию рака молочной железы / яичников (гены BRCA1 и BRCA2, метод NGS)		chr13-32332592-A-C-het,chr13-32333398-CT-C-het,chr13-32338918-A-G-hom,chr13-32340868-G-C-hom,chr13-32355250-T-C-hom,chr13-32362509-T-C-het,chr17-43094464-T-C-het
Тестовый образец 11	м	21.11.1971	32995136	Предрасположенность к развитию рака молочной железы / яичников (гены BRCA1 и BRCA2, метод NGS)		chr13-32316435-G-A-het,chr13-32337751-A-G-hom,chr13-32338918-A-G-hom,chr13-32340868-G-C-hom,chr13-32355095-A-G-hom,chr13-32355250-T-C-hom,chr13-32362509-T-C-hom,chr17-43071077-T-C-het,chr17-43082453-A-G-het,chr17-43091983-T-C-het,chr17-43092418-T-C-het,chr17-43092919-G-A-het,chr17-43093220-A-G-het,chr17-43093449-G-A-het
Тестовый образец 12	м	10.06.1956	32995156	Определение статуса генов BRCA1 и BRCA2 методом NGS		chr13-32332592-A-C-het,chr13-32338918-A-G-hom,chr13-32340868-G-C-hom,chr13-32355250-T-C-hom,chr13-32362509-T-C-het,chr17-43071031-A-G-het
Тестовый образец 13	ж	08.01.1968	32995157	Предрасположенность к развитию рака молочной железы / яичников (гены BRCA1 и BRCA2, метод NGS)		chr13-32316435-G-A-het,chr13-32332343-A-C-het,chr13-32332843-A-G-het,chr13-32333398-CT-C-het,chr13-32336584-T-C-het,chr13-32337160-TAAAC-T-het,chr13-32337326-A-G-het,chr13-32337751-A-G-het,chr13-32338918-A-G-hom,chr13-32339945-G-A-het,chr13-32340868-G-C-hom,chr13-32355095-A-G-het,chr13-32355250-T-C-hom,chr13-32362509-T-C-hom,chr17-43092096-A-G-het
Тестовый образец 14	м	29.05.1958	32995159	Предрасположенность к развитию рака молочной железы / яичников (гены BRCA1 и BRCA2, метод NGS)		chr13-32332343-A-C-het,chr13-32332592-A-C-het,chr13-32332843-A-G-het,chr13-32336584-T-C-het,chr13-32337326-A-G-het,chr13-32338918-A-G-hom,chr13-32340868-G-C-hom,chr13-32355250-T-C-hom,chr13-32362509-T-C-het
Тестовый образец 15	ж	18.07.1989	32995164	Предрасположенность к развитию рака молочной железы / яичников (гены BRCA1 и BRCA2, метод NGS)		chr13-32316435-G-A-het,chr13-32332592-A-C-het,chr13-32337751-A-G-het,chr13-32338918-A-G-hom,chr13-32340099-C-T-het,chr13-32340868-G-C-hom,chr13-32355095-A-G-het,chr13-32355250-T-C-hom,chr13-32362509-T-C-hom
Тестовый образец 16	м	13.11.1987	32995168	Предрасположенность к развитию рака молочной железы / яичников (гены BRCA1 и BRCA2, метод NGS)		chr13-32316435-G-A-het,chr13-32337751-A-G-hom,chr13-32338918-A-G-hom,chr13-32340868-G-C-hom,chr13-32355095-A-G-hom,chr13-32355250-T-C-hom,chr13-32362509-T-C-hom,chr17-43071077-T-C-het,chr17-43082453-A-G-het,chr17-43091983-T-C-het,chr17-43092418-T-C-het,chr17-43092919-G-A-het,chr17-43093220-A-G-het,chr17-43093449-G-A-het
Тестовый образец 17	ж	27.09.1985	32995169	Определение статуса генов BRCA1 и BRCA2 методом NGS		chr13-32316435-G-A-hom,chr13-32337751-A-G-hom,chr13-32338918-A-G-hom,chr13-32340868-G-C-hom,chr13-32355095-A-G-hom,chr13-32355250-T-C-hom,chr13-32362509-T-C-hom,chr13-32394840-T-TA-het,chr17-43071077-T-C-hom,chr17-43082453-A-G-hom,chr17-43091983-T-C-hom,chr17-43092418-T-C-hom,chr17-43092919-G-A-hom,chr17-43093220-A-G-hom,chr17-43093449-G-A-hom
Тестовый образец 18	м	18.09.1977	32995170	Определение статуса генов BRCA1 и BRCA2 методом NGS		chr13-32316435-G-A-het,chr13-32337751-A-G-het,chr13-32338162-T-C-het,chr13-32338918-A-G-hom,chr13-32340868-G-C-hom,chr13-32355095-A-G-het,chr13-32355250-T-C-hom,chr13-32362509-T-C-het,chr17-43091990-C-T-het
Тестовый образец 19	ж	23.12.1989	32995172	Предрасположенность к развитию рака молочной железы / яичников (гены BRCA1 и BRCA2, метод NGS)		chr13-32332592-A-C-hom,chr13-32338918-A-G-hom,chr13-32340868-G-C-hom,chr13-32355250-T-C-hom,chr17-43071077-T-C-het,chr17-43082453-A-G-het,chr17-43091983-T-C-het,chr17-43092418-T-C-het,chr17-43092919-G-A-het,chr17-43093220-A-G-het,chr17-43093449-G-A-het
Тестовый образец 20	ж	11.02.2004	32995173	Определение статуса генов BRCA1 и BRCA2 методом NGS		chr13-32338918-A-G-hom,chr13-32340868-G-C-hom,chr13-32355095-A-G-het,chr13-32355250-T-C-hom,chr13-32362509-T-C-hom,chr17-43094464-T-C-het
Тестовый образец 21	ж	20.03.1992	32995175	Определение статуса генов BRCA1 и BRCA2 методом NGS		chr13-32316435-G-A-hom,chr13-32337751-A-G-hom,chr13-32338918-A-G-hom,chr13-32340868-G-C-hom,chr13-32355095-A-G-hom,chr13-32355250-T-C-hom,chr13-32362509-T-C-hom
Тестовый образец 22	м	31.08.1962	32995506	Определение статуса генов BRCA1 и BRCA2 методом NGS		chr13-32332592-A-C-het,chr13-32338162-T-C-het,chr13-32338918-A-G-hom,chr13-32340868-G-C-hom,chr13-32355250-T-C-hom,chr13-32362509-T-C-het,chr17-43071077-T-C-het,chr17-43082453-A-G-het,chr17-43091983-T-C-het,chr17-43092418-T-C-het,chr17-43092919-G-A-het,chr17-43093220-A-G-het,chr17-43093449-G-A-het,chr17-43093454-C-T-het
Тестовый образец 23	ж	14.10.1956	32995544	Определение статуса генов BRCA1 и BRCA2 методом NGS		chr13-32316435-G-A-het,chr13-32337751-A-G-het,chr13-32338162-T-C-het,chr13-32338918-A-G-hom,chr13-32340868-G-C-hom,chr13-32355095-A-G-het,chr13-32355250-T-C-hom,chr13-32362509-T-C-het,chr17-43071077-T-C-het,chr17-43082453-A-G-het,chr17-43091983-T-C-het,chr17-43092418-T-C-het,chr17-43092919-G-A-het,chr17-43093220-A-G-het,chr17-43093449-G-A-het
Тестовый образец 24	ж	17.03.2006	33066780	Определение статуса генов BRCA1 и BRCA2 методом NGS		chr13-32332592-A-C-het,chr13-32338918-A-G-hom,chr13-32340868-G-C-hom,chr13-32355250-T-C-hom,chr13-32362509-T-C-het,chr17-43063903-G-A-het,chr17-43071077-T-C-het,chr17-43082453-A-G-het,chr17-43091983-T-C-het,chr17-43092418-T-C-het,chr17-43092919-G-A-het,chr17-43093220-A-G-het,chr17-43093449-G-A-het,chr17-43093454-C-T-het,chr17-43124095-A-G-het
Тестовый образец 25	ж	24.04.2007	33066781	Определение статуса генов BRCA1 и BRCA2 методом NGS		chr13-32316435-G-A-het,chr13-32332592-A-C-het,chr13-32337751-A-G-het,chr13-32338918-A-G-hom,chr13-32340099-C-T-het,chr13-32340868-G-C-hom,chr13-32355095-A-G-het,chr13-32355250-T-C-hom,chr13-32362509-T-C-het,chr17-43071031-A-G-het
Тестовый образец 26	ж	07.04.2007	33067025	Определение статуса генов BRCA1 и BRCA2 методом NGS		chr13-32316435-G-A-het,chr13-32337751-A-G-het,chr13-32338918-A-G-hom,chr13-32340868-G-C-hom,chr13-32355095-A-G-het,chr13-32355250-T-C-hom,chr13-32362509-T-C-hom
Тестовый образец 27	ж	24.03.1966	33067383	Определение статуса генов BRCA1 и BRCA2 методом NGS		chr13-32316435-G-A-het,chr13-32332592-A-C-het,chr13-32337751-A-G-het,chr13-32338918-A-G-hom,chr13-32340868-G-C-hom,chr13-32355095-A-G-het,chr13-32355250-T-C-hom,chr13-32362509-T-C-het,chr17-43071077-T-C-het,chr17-43082453-A-G-het,chr17-43091983-T-C-het,chr17-43092418-T-C-het,chr17-43092919-G-A-het,chr17-43093220-A-G-het,chr17-43093449-G-A-het
Тестовый образец 28	ж	26.07.1993	33067423	Определение статуса генов BRCA1 и BRCA2 методом NGS		chr13-32332592-A-C-het,chr13-32338162-T-C-het,chr13-32338918-A-G-hom,chr13-32340868-G-C-hom,chr13-32355250-T-C-hom,chr13-32362509-T-C-het
Тестовый образец 29	ж	02.12.1974	33215048	Определение статуса генов BRCA1 и BRCA2 методом NGS		chr13-32332592-A-C-hom,chr13-32338918-A-G-hom,chr13-32340868-G-C-hom,chr13-32355250-T-C-hom,chr13-32356461-T-C-het
Тестовый образец 30	ж	29.06.1984	33235470	Предрасположенность к развитию рака молочной железы / яичников (гены BRCA1 и BRCA2, метод NGS)		chr13-32316435-G-A-het,chr13-32332592-A-C-het,chr13-32337751-A-G-het,chr13-32338918-A-G-hom,chr13-32339554-C-T-het,chr13-32340868-G-C-hom,chr13-32355095-A-G-het,chr13-32355250-T-C-hom,chr13-32362509-T-C-het,chr17-43071077-T-C-het,chr17-43082453-A-G-het,chr17-43091983-T-C-het,chr17-43092418-T-C-het,chr17-43092919-G-A-het,chr17-43093220-A-G-het,chr17-43093449-G-A-het
Тестовый образец 31	ж	10.05.1952	33328070	Предрасположенность к развитию рака молочной железы / яичников (гены BRCA1 и BRCA2, метод NGS)		chr13-32332592-A-C-het,chr13-32338918-A-G-hom,chr13-32339554-C-T-het,chr13-32340868-G-C-hom,chr13-32355250-T-C-hom,chr13-32362509-T-C-het
Тестовый образец 32	ж	19.05.1987	33328098	Определение статуса генов BRCA1 и BRCA2 методом NGS		chr13-32316435-G-A-het,chr13-32337751-A-G-hom,chr13-32338918-A-G-hom,chr13-32340868-G-C-hom,chr13-32355095-A-G-het,chr13-32355250-T-C-hom,chr13-32362509-T-C-het
Тестовый образец 33	м	07.07.2006	33328108	Предрасположенность к развитию рака молочной железы / яичников (гены BRCA1 и BRCA2, метод NGS)		chr13-32332592-A-C-het,chr13-32338162-T-C-het,chr13-32338918-A-G-hom,chr13-32340868-G-C-hom,chr13-32355250-T-C-hom,chr17-43071077-T-C-het,chr17-43082453-A-G-het,chr17-43091983-T-C-het,chr17-43092418-T-C-het,chr17-43092919-G-A-het,chr17-43093220-A-G-het,chr17-43093449-G-A-het
Тестовый образец 34	ж	14.06.1996	33362408	Предрасположенность к развитию рака молочной железы / яичников (гены BRCA1 и BRCA2, метод NGS)		chr13-32332343-A-C-het,chr13-32332592-A-C-het,chr13-32332843-A-G-het,chr13-32333398-CT-C-het,chr13-32336584-T-C-het,chr13-32337326-A-G-het,chr13-32338918-A-G-hom,chr13-32340868-G-C-hom,chr13-32355250-T-C-hom,chr13-32362509-T-C-hom,chr17-43071077-T-C-het,chr17-43082453-A-G-het,chr17-43091983-T-C-het,chr17-43092418-T-C-het,chr17-43092919-G-A-het,chr17-43093220-A-G-het,chr17-43093449-G-A-het
Тестовый образец 35	м	09.06.1958	33377877	Определение статуса генов BRCA1 и BRCA2 методом NGS		chr13-32316435-G-A-het,chr13-32332592-A-C-het,chr13-32337751-A-G-het,chr13-32338918-A-G-hom,chr13-32339945-G-A-het,chr13-32340868-G-C-hom,chr13-32355095-A-G-het,chr13-32355250-T-C-hom,chr13-32362509-T-C-het,chr17-43094464-T-C-het
Тестовый образец 36	ж	06.01.1953	33377878	Определение статуса генов BRCA1 и BRCA2 методом NGS		chr13-32316435-G-A-het,chr13-32332456-C-A-het,chr13-32332592-A-C-het,chr13-32337751-A-G-het,chr13-32338918-A-G-hom,chr13-32340868-G-C-hom,chr13-32355095-A-G-het,chr13-32355250-T-C-hom,chr13-32362509-T-C-het
Тестовый образец 37	м	25.11.1973	33377879	Определение статуса генов BRCA1 и BRCA2 методом NGS		chr13-32316435-G-A-het,chr13-32337751-A-G-het,chr13-32338162-T-C-het,chr13-32338918-A-G-hom,chr13-32340868-G-C-hom,chr13-32355095-A-G-het,chr13-32355250-T-C-hom,chr13-32362509-T-C-het,chr17-43071077-T-C-het,chr17-43082453-A-G-het,chr17-43091983-T-C-het,chr17-43092418-T-C-het,chr17-43092919-G-A-het,chr17-43093220-A-G-het,chr17-43093449-G-A-het
Тестовый образец 38	ж	21.07.1997	33377914	Определение статуса генов BRCA1 и BRCA2 методом NGS		chr13-32316435-G-A-het,chr13-32332592-A-C-het,chr13-32337751-A-G-het,chr13-32338918-A-G-hom,chr13-32340868-G-C-hom,chr13-32355095-A-G-het,chr13-32355250-T-C-hom,chr13-32362509-T-C-hom
Тестовый образец 39	ж	11.10.2005	33377952	Определение статуса генов BRCA1 и BRCA2 методом NGS		chr13-32316435-G-A-hom,chr13-32337751-A-G-hom,chr13-32338496-AAAG-A-het,chr13-32338918-A-G-hom,chr13-32339945-G-A-het,chr13-32340868-G-C-hom,chr13-32355095-A-G-hom,chr13-32355250-T-C-hom,chr13-32362509-T-C-hom,chr17-43071077-T-C-het,chr17-43082453-A-G-het,chr17-43091983-T-C-het,chr17-43092418-T-C-het,chr17-43092919-G-A-het,chr17-43093220-A-G-het,chr17-43093449-G-A-het,chr17-43093454-C-T-het
Тестовый образец 40	ж	17.07.1951	33870614	Предрасположенность к развитию рака молочной железы / яичников (гены BRCA1 и BRCA2, метод NGS)		chr13-32316435-G-A-het,chr13-32337751-A-G-hom,chr13-32338918-A-G-hom,chr13-32340868-G-C-hom,chr13-32355095-A-G-hom,chr13-32355250-T-C-hom,chr13-32362509-T-C-hom,chr17-43071077-T-C-het,chr17-43082453-A-G-het,chr17-43091983-T-C-het,chr17-43092418-T-C-het,chr17-43092919-G-A-het,chr17-43093220-A-G-het,chr17-43093449-G-A-het
Тестовый образец 42	м	21.11.1965	33876840	Предрасположенность к развитию рака молочной железы / яичников (гены BRCA1 и BRCA2, метод NGS)		chr13-32332343-A-C-het,chr13-32332592-A-C-het,chr13-32332843-A-G-het,chr13-32336584-T-C-het,chr13-32337326-A-G-het,chr13-32338918-A-G-hom,chr13-32340868-G-C-hom,chr13-32355250-T-C-hom,chr13-32362509-T-C-het
Тестовый образец 43	ж	16.07.1994	40698914	Предрасположенность к развитию рака молочной железы / яичников (гены BRCA1 и BRCA2, метод NGS)		chr13-32332343-A-C-het,chr13-32332843-A-G-het,chr13-32336584-T-C-het,chr13-32337326-A-G-het,chr13-32338918-A-G-hom,chr13-32340868-G-C-hom,chr13-32355250-T-C-hom,chr13-32362509-T-C-hom
Тестовый образец 44	м	05.08.1967	40698929	Определение статуса генов BRCA1 и BRCA2 методом NGS		chr13-32316435-G-A-het,chr13-32337751-A-G-het,chr13-32338918-A-G-hom,chr13-32340868-G-C-hom,chr13-32355095-A-G-het,chr13-32355250-T-C-hom,chr13-32362509-T-C-hom,chr17-43071077-T-C-hom,chr17-43082453-A-G-hom,chr17-43091983-T-C-hom,chr17-43092418-T-C-hom,chr17-43092919-G-A-hom,chr17-43093220-A-G-hom,chr17-43093449-G-A-hom
Тестовый образец 45	м	02.08.1959	42181009	Предрасположенность к развитию рака молочной железы / яичников (гены BRCA1 и BRCA2, метод NGS)		
Тестовый образец 46	ж	18.10.1977	42181010	Определение статуса генов BRCA1 и BRCA2 методом NGS		
Тестовый образец 47	м	27.08.1998	42181012	Предрасположенность к развитию рака молочной железы / яичников (гены BRCA1 и BRCA2, метод NGS)		chr13-32332592-A-C-het,chr13-32338162-T-C-het,chr13-32338918-A-G-hom,chr13-32340868-G-C-hom,chr13-32355250-T-C-hom,chr17-43057062-T-TG-het
Тестовый образец 48	м	29.02.1960	42181013	Определение статуса генов BRCA1 и BRCA2 методом NGS		chr13-32338162-T-C-het,chr13-32338918-A-G-hom,chr13-32340868-G-C-hom,chr13-32355250-T-C-hom,chr13-32362509-T-C-het,chr17-43094464-T-C-het
Тестовый образец 49	м	06.07.1987	42208650	Определение статуса генов BRCA1 и BRCA2 методом NGS		chr13-32338162-T-C-het,chr13-32338918-A-G-hom,chr13-32340868-G-C-hom,chr13-32355250-T-C-hom,chr13-32362509-T-C-het,chr17-43071077-T-C-het,chr17-43082453-A-G-het,chr17-43092418-T-C-het,chr17-43092919-G-A-het,chr17-43093220-A-G-het,chr17-43093449-G-A-het,chr17-43093454-C-T-het
Тестовый образец 50	м	21.06.1974	42208651	Предрасположенность к развитию рака молочной железы / яичников (гены BRCA1 и BRCA2, метод NGS)		chr13-32316435-G-A-het,chr13-32332592-A-C-het,chr13-32337751-A-G-het,chr13-32338918-A-G-hom,chr13-32340868-G-C-hom,chr13-32355250-T-C-hom,chr17-43057062-T-TG-het,chr17-43092096-A-G-het
Тестовый образец 51	м	05.09.1986	42208652	Предрасположенность к развитию рака молочной железы / яичников (гены BRCA1 и BRCA2, метод NGS)		chr13-32316435-G-A-hom,chr13-32337751-A-G-hom,chr13-32338918-A-G-hom,chr13-32340099-C-T-het,chr13-32340868-G-C-hom,chr13-32355095-A-G-het,chr13-32355250-T-C-hom,chr13-32362509-T-C-het,chr17-43071077-T-C-het,chr17-43082453-A-G-het,chr17-43091983-T-C-het,chr17-43092418-T-C-het,chr17-43092919-G-A-het,chr17-43093220-A-G-het,chr17-43093449-G-A-het
Тестовый образец 52	м	28.01.1973	42208653	Определение статуса генов BRCA1 и BRCA2 методом NGS		chr13-32338918-A-G-hom,chr13-32340868-G-C-hom,chr13-32355250-T-C-hom,chr13-32362509-T-C-hom,chr17-43071077-T-C-het,chr17-43082453-A-G-het,chr17-43091983-T-C-het,chr17-43092418-T-C-het,chr17-43092919-G-A-het,chr17-43093220-A-G-het,chr17-43093449-G-A-het,chr17-43093454-C-T-het
Тестовый образец 53	ж	10.12.2002	42208657	Предрасположенность к развитию рака молочной железы / яичников (гены BRCA1 и BRCA2, метод NGS)		chr13-32332592-A-C-het,chr13-32338918-A-G-hom,chr13-32340868-G-C-hom,chr13-32362509-T-C-het,chr17-43071077-T-C-het,chr17-43082453-A-G-het,chr17-43091983-T-C-het,chr17-43092096-A-G-het,chr17-43092418-T-C-het,chr17-43092919-G-A-het,chr17-43093220-A-G-het,chr17-43093449-G-A-het
Тестовый образец 54	м	27.10.1961	42208665	Предрасположенность к развитию рака молочной железы / яичников (гены BRCA1 и BRCA2, метод NGS)		chr13-32316435-G-A-het,chr13-32332592-A-C-het,chr13-32337751-A-G-het,chr13-32338613-G-T-het,chr13-32338918-A-G-hom,chr13-32340868-G-C-hom,chr13-32355250-T-C-hom,chr17-43071031-A-G-het
Тестовый образец 55	ж	26.07.1996	42208681	Предрасположенность к развитию рака молочной железы / яичников (гены BRCA1 и BRCA2, метод NGS)		chr13-32332592-A-C-het,chr13-32337871-G-A-het,chr13-32338162-T-C-het,chr13-32338918-A-G-hom,chr13-32339554-C-T-het,chr13-32340868-G-C-hom,chr13-32355250-T-C-hom,chr17-43071077-T-C-het,chr17-43082453-A-G-het,chr17-43091983-T-C-het,chr17-43092418-T-C-het,chr17-43092919-G-A-het,chr17-43093220-A-G-het,chr17-43093449-G-A-het
Тестовый образец 56	ж	12.05.1994	42208683	Предрасположенность к развитию рака молочной железы / яичников (гены BRCA1 и BRCA2, метод NGS)		chr13-32316435-G-A-het,chr13-32337751-A-G-het,chr13-32338162-T-C-het,chr13-32338423-G-A-het,chr13-32338918-A-G-hom,chr13-32340868-G-C-hom,chr13-32355250-T-C-hom,chr17-43071077-T-C-het,chr17-43082453-A-G-het,chr17-43091983-T-C-het,chr17-43092418-T-C-het,chr17-43092919-G-A-het,chr17-43093220-A-G-het,chr17-43093449-G-A-het
Тестовый образец 57	ж	26.09.1950	42208704	Предрасположенность к развитию рака молочной железы / яичников (гены BRCA1 и BRCA2, метод NGS)		chr13-32332343-A-C-het,chr13-32332592-A-C-het,chr13-32332843-A-G-het,chr13-32336584-T-C-het,chr13-32337326-A-G-het,chr13-32338918-A-G-hom,chr13-32340868-G-C-hom,chr13-32355250-T-C-hom,chr13-32362509-T-C-hom
Тестовый образец 58	м	05.04.1981	42208708	Определение статуса генов BRCA1 и BRCA2 методом NGS		chr13-32338162-T-C-het,chr13-32338918-A-G-hom,chr13-32340868-G-C-hom,chr13-32355250-T-C-hom,chr13-32362509-T-C-het,chr17-43063912-A-G-het
Тестовый образец 59	м	05.01.1959	42208716	Предрасположенность к развитию рака молочной железы / яичников (гены BRCA1 и BRCA2, метод NGS)		chr13-32316435-G-A-het,chr13-32337238-G-A-het,chr13-32337751-A-G-het,chr13-32338162-T-C-het,chr13-32338918-A-G-hom,chr13-32340868-G-C-hom,chr13-32355095-A-G-het,chr13-32355250-T-C-hom,chr13-32362509-T-C-het,chr17-43091492-T-C-het
Тестовый образец 60	м	30.01.1989	42255661	Определение статуса генов BRCA1 и BRCA2 методом NGS		chr13-32316435-G-A-het,chr13-32332592-A-C-het,chr13-32337751-A-G-het,chr13-32338918-A-G-hom,chr13-32340868-G-C-hom,chr13-32355095-A-G-het,chr13-32355250-T-C-hom,chr13-32362509-T-C-hom,chr17-43071077-T-C-hom,chr17-43082453-A-G-hom,chr17-43091983-T-C-hom,chr17-43092418-T-C-hom,chr17-43092919-G-A-hom,chr17-43092932-G-A-het,chr17-43093220-A-G-hom,chr17-43093449-G-A-hom
Тестовый образец 61	ж	07.08.1961	42255678	Определение статуса генов BRCA1 и BRCA2 методом NGS		chr13-32316435-G-A-het,chr13-32337751-A-G-het,chr13-32338162-T-C-het,chr13-32338918-A-G-hom,chr13-32340868-G-C-hom,chr13-32355250-T-C-hom
Тестовый образец 62	ж	15.05.1954	42255685	Предрасположенность к развитию рака молочной железы / яичников (гены BRCA1 и BRCA2, метод NGS)		chr13-32316435-G-A-het,chr13-32337751-A-G-het,chr13-32338162-T-C-het,chr13-32338918-A-G-hom,chr13-32339990-G-A-het,chr13-32340868-G-C-hom,chr13-32355095-A-G-het,chr13-32355250-T-C-hom,chr13-32362509-T-C-het,chr17-43071077-T-C-het,chr17-43082453-A-G-het,chr17-43091983-T-C-het,chr17-43092418-T-C-het,chr17-43092919-G-A-het,chr17-43093220-A-G-het,chr17-43093449-G-A-het
Тестовый образец 63	м	11.03.2009	42255940	Определение статуса генов BRCA1 и BRCA2 методом NGS		chr13-32338918-A-G-hom,chr13-32340868-G-C-hom,chr13-32355250-T-C-hom,chr13-32362509-T-C-hom,chr13-32398606-G-GTGAATTATA-het,chr17-43070958-C-T-het,chr17-43071077-T-C-hom,chr17-43082453-A-G-hom,chr17-43091983-T-C-hom,chr17-43092418-T-C-hom,chr17-43092919-G-A-hom,chr17-43093220-A-G-hom,chr17-43093449-G-A-hom
Тестовый образец 64	м	02.11.1954	42255942	Определение статуса генов BRCA1 и BRCA2 методом NGS		chr13-32332592-A-C-het,chr13-32338918-A-G-hom,chr13-32340868-G-C-hom,chr13-32355250-T-C-hom,chr13-32362509-T-C-het,chr17-43070958-C-T-het,chr17-43071077-T-C-het,chr17-43082453-A-G-het,chr17-43091983-T-C-het,chr17-43092418-T-C-het,chr17-43092919-G-A-het,chr17-43093220-A-G-het,chr17-43093449-G-A-het
Тестовый образец 66	м	05.02.1961	42273063	Предрасположенность к развитию рака молочной железы / яичников (гены BRCA1 и BRCA2, метод NGS)		chr13-32332592-A-C-het,chr13-32338918-A-G-hom,chr13-32340868-G-C-hom,chr13-32341176-G-T-het,chr13-32355250-T-C-hom,chr13-32362509-T-C-hom,chr17-43070958-C-T-het,chr17-43071077-T-C-het,chr17-43082453-A-G-het,chr17-43091983-T-C-het,chr17-43092418-T-C-het,chr17-43092919-G-A-het,chr17-43093220-A-G-het,chr17-43093449-G-A-het
Тестовый образец 67	м	08.04.1956	47884426	Предрасположенность к развитию рака молочной железы / яичников (гены BRCA1 и BRCA2, метод NGS)		chr13-32316435-G-A-het,chr13-32332592-A-C-het,chr13-32337751-A-G-het,chr13-32338918-A-G-hom,chr13-32340868-G-C-hom,chr13-32355095-A-G-het,chr13-32355250-T-C-hom,chr13-32362509-T-C-het,chr17-43071077-T-C-het,chr17-43082453-A-G-het,chr17-43091983-T-C-het,chr17-43092418-T-C-het,chr17-43092919-G-A-het,chr17-43093220-A-G-het,chr17-43093449-G-A-het
Тестовый образец 68	ж	26.06.2009	47909957	Определение статуса генов BRCA1 и BRCA2 методом NGS		chr13-32316435-G-A-het,chr13-32332592-A-C-het,chr13-32337751-A-G-het,chr13-32338918-A-G-hom,chr13-32340868-G-C-hom,chr13-32355095-A-G-het,chr13-32355250-T-C-hom,chr13-32362509-T-C-het
Тестовый образец 69	м	29.09.1997	47909958	Предрасположенность к развитию рака молочной железы / яичников (гены BRCA1 и BRCA2, метод NGS)		chr13-32316435-G-A-hom,chr13-32337751-A-G-hom,chr13-32338918-A-G-hom,chr13-32340868-G-C-hom,chr13-32355095-A-G-hom,chr13-32355250-T-C-hom,chr13-32362509-T-C-hom,chr17-43057062-T-TG-het
Тестовый образец 70	м	30.07.1993	47921042	Определение статуса генов BRCA1 и BRCA2 методом NGS		chr13-32332592-A-C-het,chr13-32338918-A-G-hom,chr13-32340868-G-C-hom,chr13-32355250-T-C-hom,chr13-32362509-T-C-het,chr17-43071077-T-C-het,chr17-43082453-A-G-het,chr17-43091983-T-C-het,chr17-43092418-T-C-het,chr17-43092919-G-A-het,chr17-43093220-A-G-het,chr17-43093449-G-A-het
Тестовый образец 71	ж	27.09.1992	47921076	Предрасположенность к развитию рака молочной железы / яичников (гены BRCA1 и BRCA2, метод NGS)		chr13-32316435-G-A-het,chr13-32332592-A-C-het,chr13-32337751-A-G-het,chr13-32338918-A-G-hom,chr13-32339554-C-T-het,chr13-32340868-G-C-hom,chr13-32355250-T-C-hom
Тестовый образец 72	ж	10.04.1964	47921119	Предрасположенность к развитию рака молочной железы / яичников (гены BRCA1 и BRCA2, метод NGS)		
Тестовый образец 73	ж	28.09.1959	47921143	Предрасположенность к развитию рака молочной железы / яичников (гены BRCA1 и BRCA2, метод NGS)		chr13-32316435-G-A-het,chr13-32337751-A-G-het,chr13-32338162-T-C-het,chr13-32338918-A-G-hom,chr13-32340868-G-C-hom,chr13-32355095-A-G-het,chr13-32355250-T-C-hom,chr13-32362509-T-C-het
Тестовый образец 74	м	25.11.1982	47941901	Предрасположенность к развитию рака молочной железы / яичников (гены BRCA1 и BRCA2, метод NGS)		chr13-32316435-G-A-het,chr13-32337751-A-G-het,chr13-32338162-T-C-het,chr13-32338918-A-G-hom,chr13-32340868-G-C-hom,chr13-32355095-A-G-het,chr13-32355250-T-C-hom,chr13-32362509-T-C-het
Тестовый образец 75	ж	05.01.1958	47941972	Предрасположенность к развитию рака молочной железы / яичников (гены BRCA1 и BRCA2, метод NGS)		
Тестовый образец 76	м	15.01.2008	47941990	Определение статуса генов BRCA1 и BRCA2 методом NGS		
Тестовый образец 77	ж	25.07.1999	47958949	Предрасположенность к развитию рака молочной железы / яичников (гены BRCA1 и BRCA2, метод NGS)		
Тестовый образец 78	ж	13.03.2006	47958992	Определение статуса генов BRCA1 и BRCA2 методом NGS		chr13-32332592-A-C-het,chr13-32337751-A-G-het,chr13-32338918-A-G-hom,chr13-32340868-G-C-hom,chr13-32355095-A-G-het,chr13-32355250-T-C-hom,chr13-32362509-T-C-het,chr17-43071031-A-G-het
Тестовый образец 79	м	30.11.1963	47965236	Предрасположенность к развитию рака молочной железы / яичников (гены BRCA1 и BRCA2, метод NGS)		chr13-32316435-G-A-het,chr13-32337751-A-G-het,chr13-32338162-T-C-het,chr13-32338918-A-G-hom,chr13-32340868-G-C-hom,chr13-32355095-A-G-het,chr13-32355250-T-C-hom,chr13-32362509-T-C-het,chr17-43092412-C-T-het
Тестовый образец 80	ж	03.09.2003	47974664	Предрасположенность к развитию рака молочной железы / яичников (гены BRCA1 и BRCA2, метод NGS)		chr13-32316435-G-A-het,chr13-32337751-A-G-het,chr13-32338162-T-C-het,chr13-32338918-A-G-hom,chr13-32340868-G-C-hom,chr13-32355095-A-G-het,chr13-32355250-T-C-hom,chr13-32362509-T-C-het,chr17-43057062-T-TG-het
Тестовый образец 81	м	29.08.2008	47997323	Определение статуса генов BRCA1 и BRCA2 методом NGS		chr13-32316435-G-A-hom,chr13-32337751-A-G-hom,chr13-32338918-A-G-hom,chr13-32340868-G-C-hom,chr13-32355095-A-G-hom,chr13-32355250-T-C-hom,chr13-32362509-T-C-hom,chr17-43071077-T-C-het,chr17-43082453-A-G-het,chr17-43091983-T-C-het,chr17-43092418-T-C-het,chr17-43092919-G-A-het,chr17-43093220-A-G-het,chr17-43093449-G-A-het
Тестовый образец 82	м	01.01.1988	57291934	Предрасположенность к развитию рака молочной железы / яичников (гены BRCA1 и BRCA2, метод NGS)		chr13-32332343-A-C-het,chr13-32332843-A-G-het,chr13-32336584-T-C-het,chr13-32337326-A-G-het,chr13-32337751-A-G-het,chr13-32338918-A-G-hom,chr13-32339224-A-C-het,chr13-32340868-G-C-hom,chr13-32355095-A-G-het,chr13-32355250-T-C-hom,chr13-32362509-T-C-hom
Тестовый образец 83	м	09.04.1971	57291935	Определение статуса генов BRCA1 и BRCA2 методом NGS		chr13-32316435-G-A-het,chr13-32337751-A-G-het,chr13-32338918-A-G-hom,chr13-32340099-C-T-het,chr13-32340868-G-C-hom,chr13-32355095-A-G-het,chr13-32355250-T-C-hom,chr13-32362509-T-C-hom,chr17-43070958-C-T-het,chr17-43071077-T-C-het,chr17-43082453-A-G-het,chr17-43091983-T-C-het,chr17-43092418-T-C-het,chr17-43092919-G-A-hom,chr17-43093220-A-G-het
Тестовый образец 84	м	30.03.2005	57291939	Определение статуса генов BRCA1 и BRCA2 методом NGS		chr13-32316435-G-A-het,chr13-32337751-A-G-het,chr13-32338162-T-C-het,chr13-32338918-A-G-hom,chr13-32340868-G-C-hom,chr13-32355095-A-G-het,chr13-32355250-T-C-hom,chr13-32362509-T-C-het,chr13-32398747-A-G-het
Тестовый образец 85	м	17.10.2000	57291948	Определение статуса генов BRCA1 и BRCA2 методом NGS		chr13-32316435-G-A-het,chr13-32332592-A-C-het,chr13-32338918-A-G-hom,chr13-32340868-G-C-hom,chr13-32355250-T-C-hom,chr13-32362509-T-C-het,chr17-43071077-T-C-hom,chr17-43082453-A-G-hom,chr17-43091983-T-C-hom,chr17-43092418-T-C-hom,chr17-43092919-G-A-hom,chr17-43093220-A-G-hom,chr17-43093449-G-A-hom
Тестовый образец 86	ж	03.07.1989	57291950	Определение статуса генов BRCA1 и BRCA2 методом NGS		chr13-32316435-G-A-het,chr13-32337751-A-G-het,chr13-32338162-T-C-het,chr13-32338918-A-G-hom,chr13-32340868-G-C-hom,chr13-32355095-A-G-het,chr13-32355250-T-C-hom,chr13-32362509-T-C-het
Тестовый образец 87	ж	25.09.1997	57498060	Определение статуса генов BRCA1 и BRCA2 методом NGS		
Тестовый образец 88	м	08.06.1981	57615804	Определение статуса генов BRCA1 и BRCA2 методом NGS		
Тестовый образец 89	ж	17.07.1966	57778334	Определение статуса генов BRCA1 и BRCA2 методом NGS		chr13-32332592-A-C-het,chr13-32337751-A-G-het,chr13-32338918-A-G-hom,chr13-32340868-G-C-hom,chr13-32355250-T-C-hom,chr17-43091495-CT-C-het
Тестовый образец 90	м	27.10.1979	57778336	Предрасположенность к развитию рака молочной железы / яичников (гены BRCA1 и BRCA2, метод NGS)		chr13-32316435-G-A-het,chr13-32338162-T-C-het,chr13-32338918-A-G-hom,chr13-32340868-G-C-hom,chr13-32355250-T-C-hom,chr13-32362509-T-C-het,chr17-43063903-G-A-het,chr17-43071077-T-C-het,chr17-43082453-A-G-het,chr17-43091983-T-C-het,chr17-43092418-T-C-het,chr17-43092919-G-A-het,chr17-43093220-A-G-het,chr17-43093449-G-A-het,chr17-43093454-C-T-het,chr17-43124095-A-G-het
Тестовый образец 91	м	25.12.1950	57778337	Предрасположенность к развитию рака молочной железы / яичников (гены BRCA1 и BRCA2, метод NGS)		chr13-32337751-A-G-het,chr13-32338918-A-G-hom,chr13-32340868-G-C-hom,chr13-32355095-A-G-het,chr13-32355250-T-C-hom,chr13-32362509-T-C-hom,chr17-43071077-T-C-het,chr17-43082453-A-G-het,chr17-43091983-T-C-het,chr17-43092418-T-C-het,chr17-43092919-G-A-het,chr17-43093220-A-G-het,chr17-43093449-G-A-het,chr17-43094464-T-C-het
Тестовый образец 92	м	29.08.1977	57778343	Определение статуса генов BRCA1 и BRCA2 методом NGS		chr13-32316435-G-A-het,chr13-32332592-A-C-het,chr13-32337751-A-G-het,chr13-32338918-A-G-hom,chr13-32340868-G-C-hom,chr13-32355095-A-G-het,chr13-32355250-T-C-hom,chr13-32362509-T-C-hom,chr17-43071077-T-C-het,chr17-43082453-A-G-het,chr17-43091983-T-C-het,chr17-43092418-T-C-het,chr17-43092919-G-A-het,chr17-43093220-A-G-het,chr17-43093449-G-A-het
Тестовый образец 93	ж	24.02.1997	57778344	Определение статуса генов BRCA1 и BRCA2 методом NGS		chr13-32332592-A-C-het,chr13-32338918-A-G-hom,chr13-32340868-G-C-hom,chr13-32355250-T-C-hom,chr13-32362509-T-C-het,chr13-32363389-G-T-het,chr13-32380165-AT-A-het,chr17-43071077-T-C-het,chr17-43082453-A-G-het,chr17-43091983-T-C-het,chr17-43092418-T-C-het,chr17-43092919-G-A-het,chr17-43093220-A-G-het,chr17-43093449-G-A-het
Тестовый образец 94	ж	11.05.1982	57826392	Определение статуса генов BRCA1 и BRCA2 методом NGS		chr13-32338918-A-G-hom,chr13-32362509-T-C-hom
Тестовый образец 95	ж	07.02.1995	57846893	Определение статуса генов BRCA1 и BRCA2 методом NGS		chr13-32332343-A-C-het,chr13-32332592-A-C-het,chr13-32332843-A-G-het,chr13-32336584-T-C-het,chr13-32337326-A-G-het,chr13-32338918-A-G-hom,chr13-32340868-G-C-hom,chr13-32355250-T-C-hom,chr13-32362509-T-C-het,chr17-43094464-T-C-het
Тестовый образец 96	м	09.12.2003	57877221	Предрасположенность к развитию рака молочной железы / яичников (гены BRCA1 и BRCA2, метод NGS)		
Тестовый образец 97	ж	14.09.1997	57924811	Предрасположенность к развитию рака молочной железы / яичников (гены BRCA1 и BRCA2, метод NGS)		chr13-32316435-G-A-hom,chr13-32337751-A-G-hom,chr13-32338918-A-G-hom,chr13-32340868-G-C-hom,chr13-32355095-A-G-hom,chr13-32355250-T-C-hom,chr13-32362509-T-C-hom,chr17-43094464-T-C-het
Тестовый образец 98	м	12.10.2008	57924825	Определение статуса генов BRCA1 и BRCA2 методом NGS		chr13-32337751-A-G-het,chr13-32338918-A-G-hom,chr13-32340868-G-C-hom,chr13-32355250-T-C-hom,chr13-32362509-T-C-het,chr17-43094464-T-C-het
Тестовый образец 99	ж	09.06.2007	57924839	Определение статуса генов BRCA1 и BRCA2 методом NGS		chr13-32338162-T-C-hom,chr13-32338918-A-G-hom,chr13-32340868-G-C-hom,chr13-32355250-T-C-hom,chr17-43092919-G-A-het
Тестовый образец 100	м	12.10.1952	57933013	Предрасположенность к развитию рака молочной железы / яичников (гены BRCA1 и BRCA2, метод NGS)		chr13-32316435-G-A-hom,chr13-32337751-A-G-hom,chr13-32338918-A-G-hom,chr13-32340868-G-C-hom,chr13-32355095-A-G-het,chr13-32355250-T-C-hom,chr13-32362509-T-C-het,chr17-43094464-T-C-het
Тестовый образец 101	ж	23.08.1968	58012442	Определение статуса генов BRCA1 и BRCA2 методом NGS		chr13-32316435-G-A-het,chr13-32332592-A-C-het,chr13-32337751-A-G-het,chr13-32338918-A-G-hom,chr13-32340868-G-C-hom,chr13-32355095-A-G-het,chr13-32355250-T-C-hom,chr13-32362509-T-C-het,chr17-43057062-T-TG-het,chr17-43071077-T-C-het,chr17-43082453-A-G-het,chr17-43091983-T-C-het,chr17-43092418-T-C-het,chr17-43092919-G-A-het,chr17-43093220-A-G-het,chr17-43093449-G-A-het
Тестовый образец 102	ж	14.01.1987	58012446	Предрасположенность к развитию рака молочной железы / яичников (гены BRCA1 и BRCA2, метод NGS)		chr13-32338162-T-C-hom,chr13-32338918-A-G-hom,chr13-32340868-G-C-hom,chr13-32355250-T-C-hom,chr13-32398747-A-G-het
Тестовый образец 103	ж	27.05.1982	58012467	Определение статуса генов BRCA1 и BRCA2 методом NGS		chr13-32332343-A-C-het,chr13-32332843-A-G-het,chr13-32336584-T-C-het,chr13-32337326-A-G-het,chr13-32338162-T-C-het,chr13-32338918-A-G-hom,chr13-32340868-G-C-hom,chr13-32355250-T-C-hom,chr13-32362509-T-C-het
Тестовый образец 104	ж	12.01.1984	58012593	Предрасположенность к развитию рака молочной железы / яичников (гены BRCA1 и BRCA2, метод NGS)		chr13-32337751-A-G-het,chr13-32338918-A-G-hom,chr13-32340868-G-C-hom,chr13-32355250-T-C-hom,chr13-32362509-T-C-het,chr17-43071077-T-C-hom,chr17-43082453-A-G-hom,chr17-43091983-T-C-hom,chr17-43092418-T-C-hom,chr17-43092919-G-A-hom,chr17-43093220-A-G-hom,chr17-43093449-G-A-hom,chr17-43093454-C-T-het
Тестовый образец 105	ж	26.03.1989	58012596	Определение статуса генов BRCA1 и BRCA2 методом NGS		chr13-32316435-G-A-het,chr13-32337751-A-G-het,chr13-32338162-T-C-het,chr13-32338918-A-G-hom,chr13-32340868-G-C-hom,chr13-32355095-A-G-het,chr13-32355250-T-C-hom,chr13-32362509-T-C-het,chr17-43071077-T-C-hom,chr17-43082453-A-G-hom,chr17-43091983-T-C-hom,chr17-43092418-T-C-hom,chr17-43092919-G-A-hom,chr17-43093220-A-G-hom,chr17-43093449-G-A-hom
Тестовый образец 106	ж	19.03.1964	58012610	Определение статуса генов BRCA1 и BRCA2 методом NGS		chr13-32338918-A-G-hom,chr13-32340868-G-C-hom,chr13-32355250-T-C-hom,chr13-32362509-T-C-hom
Тестовый образец 107	ж	18.03.1992	58026342	Определение статуса генов BRCA1 и BRCA2 методом NGS		chr13-32332592-A-C-hom,chr13-32338918-A-G-hom,chr13-32340868-G-C-hom,chr13-32355250-T-C-hom,chr17-43071077-T-C-het,chr17-43082453-A-G-het,chr17-43091983-T-C-het,chr17-43092418-T-C-het,chr17-43092919-G-A-het,chr17-43093220-A-G-het,chr17-43093449-G-A-het
Тестовый образец 108	ж	06.03.1982	58026344	Предрасположенность к развитию рака молочной железы / яичников (гены BRCA1 и BRCA2, метод NGS)		chr13-32316435-G-A-het,chr13-32337751-A-G-het,chr13-32338918-A-G-hom,chr13-32340099-C-T-het,chr13-32340868-G-C-hom,chr13-32355095-A-G-het,chr13-32355250-T-C-hom,chr13-32362509-T-C-hom
Тестовый образец 109	м	26.12.1958	58026345	Предрасположенность к развитию рака молочной железы / яичников (гены BRCA1 и BRCA2, метод NGS)		chr13-32316435-G-A-hom,chr13-32337751-A-G-hom,chr13-32338918-A-G-hom,chr13-32340868-G-C-hom,chr13-32355095-A-G-hom,chr13-32355250-T-C-hom,chr13-32362509-T-C-hom,chr17-43071077-T-C-hom,chr17-43082453-A-G-hom,chr17-43091983-T-C-hom,chr17-43092418-T-C-hom,chr17-43092919-G-A-hom,chr17-43093220-A-G-hom,chr17-43093449-G-A-hom
Тестовый образец 110	ж	25.06.1998	58026346	Предрасположенность к развитию рака молочной железы / яичников (гены BRCA1 и BRCA2, метод NGS)		chr13-32316435-G-A-het,chr13-32332592-A-C-het,chr13-32337751-A-G-het,chr13-32338918-A-G-hom,chr13-32340868-G-C-hom,chr13-32344538-T-A-het,chr13-32355095-A-G-het,chr13-32355250-T-C-hom,chr13-32362509-T-C-hom,chr17-43094464-T-C-het
Тестовый образец 111	ж	11.11.1998	58026376	Определение статуса генов BRCA1 и BRCA2 методом NGS		chr13-32332592-A-C-het,chr13-32338162-T-C-het,chr13-32338918-A-G-hom,chr13-32340868-G-C-hom,chr13-32355250-T-C-hom,chr17-43071077-T-C-het,chr17-43082453-A-G-het,chr17-43091983-T-C-het,chr17-43092418-T-C-het,chr17-43092919-G-A-het,chr17-43093220-A-G-het,chr17-43093449-G-A-het
Тестовый образец 112	ж	03.08.1952	58067745	Предрасположенность к развитию рака молочной железы / яичников (гены BRCA1 и BRCA2, метод NGS)		chr13-32316435-G-A-het,chr13-32332592-A-C-het,chr13-32337751-A-G-het,chr13-32338918-A-G-hom,chr13-32340868-G-C-hom,chr13-32355095-A-G-het,chr13-32355250-T-C-hom,chr13-32362509-T-C-het,chr17-43071077-T-C-het,chr17-43082453-A-G-het,chr17-43091983-T-C-het,chr17-43092418-T-C-het,chr17-43092919-G-A-het,chr17-43093220-A-G-het,chr17-43093449-G-A-het
Тестовый образец 113	ж	08.09.1990	58133854	Предрасположенность к развитию рака молочной железы / яичников (гены BRCA1 и BRCA2, метод NGS)		chr13-32316435-G-A-het,chr13-32337751-A-G-het,chr13-32338162-T-C-het,chr13-32338613-G-T-het,chr13-32338918-A-G-hom,chr13-32340868-G-C-hom,chr13-32355250-T-C-hom,chr17-43071077-T-C-het,chr17-43082453-A-G-het,chr17-43091983-T-C-het,chr17-43092418-T-C-het,chr17-43092919-G-A-het,chr17-43093220-A-G-het,chr17-43093449-G-A-het
Тестовый образец 114	ж	02.01.2004	58133863	Определение статуса генов BRCA1 и BRCA2 методом NGS		chr13-32316435-G-A-het,chr13-32332592-A-C-het,chr13-32337751-A-G-het,chr13-32338918-A-G-hom,chr13-32340868-G-C-hom,chr13-32355095-A-G-het,chr13-32355250-T-C-hom,chr13-32362509-T-C-het,chr17-43057062-T-TG-het
Тестовый образец 115	ж	05.07.1969	58133959	Предрасположенность к развитию рака молочной железы / яичников (гены BRCA1 и BRCA2, метод NGS)		chr13-32332592-A-C-het,chr13-32337160-TAAAC-T-het,chr13-32337751-A-G-het,chr13-32338918-A-G-hom,chr13-32340868-G-C-hom,chr13-32355250-T-C-hom,chr13-32362509-T-C-het,chr17-43071077-T-C-het,chr17-43082453-A-G-het,chr17-43091488-CCT-C-het,chr17-43091983-T-C-het,chr17-43092418-T-C-het,chr17-43092919-G-A-het,chr17-43093220-A-G-het,chr17-43093449-G-A-het
Тестовый образец 116	ж	29.11.1978	58133986	Предрасположенность к развитию рака молочной железы / яичников (гены BRCA1 и BRCA2, метод NGS)		chr13-32316435-G-A-het,chr13-32337751-A-G-hom,chr13-32338918-A-G-hom,chr13-32339425-A-C-het,chr13-32340868-G-C-hom,chr13-32355095-A-G-het,chr13-32355250-T-C-hom,chr13-32362509-T-C-het,chr17-43071077-T-C-het,chr17-43082453-A-G-het,chr17-43091983-T-C-het,chr17-43092418-T-C-het,chr17-43092919-G-A-het,chr17-43093220-A-G-het,chr17-43093449-G-A-het,chr17-43093454-C-T-het
Тестовый образец 117	м	07.10.2007	58225270	Предрасположенность к развитию рака молочной железы / яичников (гены BRCA1 и BRCA2, метод NGS)		
Тестовый образец 119	ж	04.08.1953	58265461	Предрасположенность к развитию рака молочной железы / яичников (гены BRCA1 и BRCA2, метод NGS)		
Тестовый образец 120	ж	17.10.1982	58265463	Определение статуса генов BRCA1 и BRCA2 методом NGS		chr13-32316435-G-A-het,chr13-32332343-A-C-het,chr13-32332843-A-G-het,chr13-32336584-T-C-het,chr13-32337326-A-G-het,chr13-32337751-A-G-het,chr13-32338918-A-G-hom,chr13-32339700-A-G-het,chr13-32340868-G-C-hom,chr13-32355095-A-G-het,chr13-32355250-T-C-hom,chr13-32362509-T-C-hom,chr17-43071031-A-G-het,chr17-43071077-T-C-het,chr17-43082453-A-G-het,chr17-43091983-T-C-het,chr17-43092418-T-C-het,chr17-43092919-G-A-het,chr17-43093220-A-G-het,chr17-43093449-G-A-het,chr17-43093508-CAGGTTCTTTACCTTCCATGAGTTGT-C-het
Тестовый образец 121	ж	12.04.2000	58265638	Определение статуса генов BRCA1 и BRCA2 методом NGS		
Тестовый образец 122	ж	03.09.1991	58265639	Предрасположенность к развитию рака молочной железы / яичников (гены BRCA1 и BRCA2, метод NGS)		
Тестовый образец 123	ж	07.08.2009	58265804	Предрасположенность к развитию рака молочной железы / яичников (гены BRCA1 и BRCA2, метод NGS)		chr13-32337751-A-G-het,chr13-32338918-A-G-hom,chr13-32340868-G-C-hom,chr13-32355250-T-C-hom,chr13-32362509-T-C-het,chr17-43071077-T-C-het,chr17-43082453-A-G-het,chr17-43091983-T-C-het,chr17-43092418-T-C-het,chr17-43092919-G-A-het,chr17-43093220-A-G-het,chr17-43093449-G-A-het,chr17-43094464-T-C-het
Тестовый образец 124	м	24.03.1965	58265833	Предрасположенность к развитию рака молочной железы / яичников (гены BRCA1 и BRCA2, метод NGS)		chr13-32332592-A-C-het,chr13-32338918-A-G-hom,chr13-32340868-G-C-hom,chr13-32355250-T-C-hom,chr13-32362509-T-C-het,chr17-43071077-T-C-het,chr17-43082453-A-G-het,chr17-43091983-T-C-het,chr17-43092418-T-C-het,chr17-43092919-G-A-het,chr17-43093220-A-G-het,chr17-43093449-G-A-het
Тестовый образец 125	м	15.12.2000	58265855	Определение статуса генов BRCA1 и BRCA2 методом NGS		
Тестовый образец 126	м	14.06.1980	58265860	Предрасположенность к развитию рака молочной железы / яичников (гены BRCA1 и BRCA2, метод NGS)		chr13-32337751-A-G-het,chr13-32338162-T-C-het,chr13-32338918-A-G-hom,chr13-32340868-G-C-hom,chr13-32355095-A-G-het,chr13-32355250-T-C-hom,chr13-32362509-T-C-het,chr17-43057062-T-TG-het,chr17-43071077-T-C-het,chr17-43082453-A-G-het,chr17-43091983-T-C-het,chr17-43092418-T-C-het,chr17-43092919-G-A-het,chr17-43093220-A-G-het,chr17-43093449-G-A-het
Тестовый образец 127	ж	29.12.1964	58266074	Предрасположенность к развитию рака молочной железы / яичников (гены BRCA1 и BRCA2, метод NGS)		chr13-32332343-A-C-het,chr13-32332592-A-C-het,chr13-32332843-A-G-het,chr13-32336584-T-C-het,chr13-32337326-A-G-het,chr13-32338918-A-G-hom,chr13-32340868-G-C-hom,chr13-32355250-T-C-hom,chr13-32362509-T-C-het,chr17-43071077-T-C-het,chr17-43082453-A-G-het,chr17-43091983-T-C-het,chr17-43092418-T-C-het,chr17-43092919-G-A-het,chr17-43093220-A-G-het,chr17-43093449-G-A-het
Тестовый образец 128	ж	06.12.1994	58266102	Предрасположенность к развитию рака молочной железы / яичников (гены BRCA1 и BRCA2, метод NGS)		chr13-32316435-G-A-het,chr13-32337751-A-G-het,chr13-32338918-A-G-hom,chr13-32340868-G-C-hom,chr13-32355250-T-C-hom,chr13-32362509-T-C-het
Тестовый образец 129	м	08.10.1992	59027593	Определение статуса генов BRCA1 и BRCA2 методом NGS		chr13-32332592-A-C-het,chr13-32338162-T-C-het,chr13-32338918-A-G-hom,chr13-32340868-G-C-hom,chr13-32355250-T-C-hom
Тестовый образец 130	ж	12.11.1950	59112720	Предрасположенность к развитию рака молочной железы / яичников (гены BRCA1 и BRCA2, метод NGS)		chr13-32332592-A-C-het,chr13-32338162-T-C-het,chr13-32338918-A-G-hom,chr13-32340868-G-C-hom,chr13-32355250-T-C-hom,chr17-43092096-A-G-het
Тестовый образец 131	м	20.06.1976	59124658	Предрасположенность к развитию рака молочной железы / яичников (гены BRCA1 и BRCA2, метод NGS)		chr13-32332343-A-C-het,chr13-32332843-A-G-het,chr13-32336584-T-C-het,chr13-32337326-A-G-het,chr13-32338162-T-C-het,chr13-32338918-A-G-hom,chr13-32340868-G-C-hom,chr13-32355250-T-C-hom,chr13-32362509-T-C-het,chr17-43071077-T-C-hom,chr17-43082453-A-G-hom,chr17-43091983-T-C-hom,chr17-43092418-T-C-hom,chr17-43092919-G-A-hom,chr17-43093220-A-G-hom,chr17-43093449-G-A-hom
Тестовый образец 132	м	18.05.1995	62218738	Предрасположенность к развитию рака молочной железы / яичников (гены BRCA1 и BRCA2, метод NGS)		chr13-32316435-G-A-het,chr13-32337751-A-G-het,chr13-32338918-A-G-hom,chr13-32340868-G-C-hom,chr13-32355095-A-G-het,chr13-32355250-T-C-hom,chr13-32362509-T-C-hom,chr17-43063928-T-C-het
Тестовый образец 133	м	07.07.2004	62218739	Определение статуса генов BRCA1 и BRCA2 методом NGS		chr13-32316435-G-A-het,chr13-32332592-A-C-het,chr13-32332722-A-G-het,chr13-32337751-A-G-het,chr13-32338918-A-G-hom,chr13-32340868-G-C-hom,chr13-32355250-T-C-hom,chr17-43094464-T-C-hom
Тестовый образец 134	м	25.11.1950	62262796	Предрасположенность к развитию рака молочной железы / яичников (гены BRCA1 и BRCA2, метод NGS)		chr13-32316435-G-A-hom,chr13-32337751-A-G-hom,chr13-32338918-A-G-hom,chr13-32340868-G-C-hom,chr13-32355095-A-G-het,chr13-32355250-T-C-hom,chr13-32362509-T-C-het
Тестовый образец 135	ж	17.11.1984	62271377	Определение статуса генов BRCA1 и BRCA2 методом NGS		chr13-32338162-T-C-het,chr13-32338918-A-G-hom,chr13-32340868-G-C-hom,chr13-32355250-T-C-hom,chr13-32362509-T-C-het
Тестовый образец 136	м	05.02.2001	62271388	Определение статуса генов BRCA1 и BRCA2 методом NGS		chr13-32333270-A-G-het,chr13-32338162-T-C-het,chr13-32338918-A-G-hom,chr13-32340868-G-C-hom,chr13-32355250-T-C-hom,chr13-32362509-T-C-het,chr17-43071077-T-C-het,chr17-43082453-A-G-het,chr17-43091983-T-C-het,chr17-43092418-T-C-het,chr17-43092919-G-A-het,chr17-43093220-A-G-het,chr17-43093449-G-A-het
Тестовый образец 137	ж	28.07.1970	62271719	Определение статуса генов BRCA1 и BRCA2 методом NGS		chr13-32316435-G-A-het,chr13-32337238-G-A-het,chr13-32337751-A-G-het,chr13-32338918-A-G-hom,chr13-32340868-G-C-hom,chr13-32355095-A-G-het,chr13-32355250-T-C-hom,chr13-32362509-T-C-hom,chr17-43094464-T-C-het
Тестовый образец 138	м	22.05.1968	62271729	Определение статуса генов BRCA1 и BRCA2 методом NGS		chr13-32316435-G-A-het,chr13-32337238-G-A-het,chr13-32337751-A-G-het,chr13-32338918-A-G-hom,chr13-32340868-G-C-hom,chr13-32355095-A-G-het,chr13-32355250-T-C-hom,chr13-32362509-T-C-hom,chr17-43057062-T-TG-het
Тестовый образец 139	м	11.01.2005	62271745	Определение статуса генов BRCA1 и BRCA2 методом NGS		chr13-32316435-G-A-het,chr13-32332592-A-C-het,chr13-32337751-A-G-het,chr13-32338918-A-G-hom,chr13-32340868-G-C-hom,chr13-32355095-A-G-het,chr13-32355250-T-C-hom,chr13-32362509-T-C-het
Тестовый образец 140	м	08.03.1982	62272125	Определение статуса генов BRCA1 и BRCA2 методом NGS		chr13-32332343-A-C-het,chr13-32332592-A-C-het,chr13-32332843-A-G-het,chr13-32336584-T-C-het,chr13-32337326-A-G-het,chr13-32338918-A-G-hom,chr13-32340868-G-C-hom,chr13-32355250-T-C-hom,chr13-32362509-T-C-het,chr17-43071077-T-C-het,chr17-43082453-A-G-het,chr17-43091983-T-C-het,chr17-43092418-T-C-het,chr17-43092919-G-A-het,chr17-43093220-A-G-het,chr17-43093449-G-A-het
Тестовый образец 141	м	07.11.1986	62272126	Предрасположенность к развитию рака молочной железы / яичников (гены BRCA1 и BRCA2, метод NGS)		chr13-32332592-A-C-het,chr13-32337871-G-A-het,chr13-32338162-T-C-het,chr13-32338918-A-G-hom,chr13-32339641-T-G-het,chr13-32340868-G-C-hom,chr13-32355250-T-C-hom,chr17-43071077-T-C-het,chr17-43082453-A-G-het,chr17-43091983-T-C-het,chr17-43092418-T-C-het,chr17-43092919-G-A-het,chr17-43093220-A-G-het,chr17-43093449-G-A-het
Тестовый образец 142	ж	25.12.1966	62272128	Предрасположенность к развитию рака молочной железы / яичников (гены BRCA1 и BRCA2, метод NGS)		chr13-32338162-T-C-hom,chr13-32338918-A-G-hom,chr13-32340868-G-C-hom,chr13-32355250-T-C-hom,chr17-43071077-T-C-het,chr17-43082453-A-G-het,chr17-43091983-T-C-het,chr17-43092418-T-C-het,chr17-43092919-G-A-het,chr17-43093220-A-G-het,chr17-43093449-G-A-het
Тестовый образец 143	ж	29.09.1989	62272129	Предрасположенность к развитию рака молочной железы / яичников (гены BRCA1 и BRCA2, метод NGS)		chr13-32338162-T-C-hom,chr13-32338918-A-G-hom,chr13-32340868-G-C-hom,chr13-32355250-T-C-hom,chr17-43057062-T-TG-het
Тестовый образец 144	ж	01.04.1968	62272421	Определение статуса генов BRCA1 и BRCA2 методом NGS		chr13-32332592-A-C-het,chr13-32338162-T-C-het,chr13-32338918-A-G-hom,chr13-32340868-G-C-hom,chr13-32355250-T-C-hom
Тестовый образец 145	ж	06.03.1990	62272422	Определение статуса генов BRCA1 и BRCA2 методом NGS		chr13-32332592-A-C-hom,chr13-32338918-A-G-hom,chr13-32340868-G-C-hom,chr13-32355250-T-C-hom,chr17-43071077-T-C-hom,chr17-43082453-A-G-hom,chr17-43091983-T-C-hom,chr17-43092418-T-C-hom,chr17-43092919-G-A-hom,chr17-43093220-A-G-hom,chr17-43093449-G-A-hom
Тестовый образец 146	ж	14.01.1982	62272423	Определение статуса генов BRCA1 и BRCA2 методом NGS		chr13-32316435-G-A-het,chr13-32332343-A-C-het,chr13-32332843-A-G-het,chr13-32336584-T-C-het,chr13-32337326-A-G-het,chr13-32337751-A-G-het,chr13-32338918-A-G-hom,chr13-32340868-G-C-hom,chr13-32355250-T-C-hom,chr13-32362509-T-C-het,chr17-43070958-C-T-het,chr17-43071077-T-C-hom,chr17-43082453-A-G-hom,chr17-43091983-T-C-hom,chr17-43092418-T-C-hom,chr17-43092919-G-A-hom,chr17-43093220-A-G-hom,chr17-43093449-G-A-hom
Тестовый образец 147	м	23.05.1976	62272424	Определение статуса генов BRCA1 и BRCA2 методом NGS		chr13-32316435-G-A-het,chr13-32337751-A-G-het,chr13-32338162-T-C-het,chr13-32338918-A-G-hom,chr13-32340868-G-C-hom,chr13-32355095-A-G-het,chr13-32355250-T-C-hom,chr13-32362509-T-C-het,chr17-43070958-C-T-het,chr17-43071077-T-C-het,chr17-43082453-A-G-het,chr17-43091983-T-C-het,chr17-43092418-T-C-het,chr17-43092919-G-A-het,chr17-43093220-A-G-het,chr17-43093449-G-A-het
Тестовый образец 148	ж	11.07.1987	62272425	Определение статуса генов BRCA1 и BRCA2 методом NGS		chr13-32316435-G-A-hom,chr13-32337751-A-G-hom,chr13-32338918-A-G-hom,chr13-32340868-G-C-hom,chr13-32355095-A-G-hom,chr13-32355250-T-C-hom,chr13-32362509-T-C-hom
Тестовый образец 149	м	19.11.1965	62272426	Определение статуса генов BRCA1 и BRCA2 методом NGS		chr13-32332592-A-C-het,chr13-32338162-T-C-het,chr13-32338918-A-G-hom,chr13-32339554-C-T-het,chr13-32340868-G-C-hom,chr13-32355250-T-C-hom,chr17-43071077-T-C-het,chr17-43082453-A-G-het,chr17-43091983-T-C-het,chr17-43092418-T-C-het,chr17-43092919-G-A-het,chr17-43093220-A-G-het,chr17-43093449-G-A-het
Тестовый образец 150	ж	08.01.1968	62272427	Предрасположенность к развитию рака молочной железы / яичников (гены BRCA1 и BRCA2, метод NGS)		chr13-32338162-T-C-het,chr13-32338918-A-G-hom,chr13-32340868-G-C-hom,chr13-32355250-T-C-hom,chr13-32362509-T-C-het,chr17-43057062-T-TG-het
Тестовый образец 151	м	18.07.2006	62274355	Предрасположенность к развитию рака молочной железы / яичников (гены BRCA1 и BRCA2, метод NGS)		
Тестовый образец 152	м	02.07.1952	62274356	Предрасположенность к развитию рака молочной железы / яичников (гены BRCA1 и BRCA2, метод NGS)		
Тестовый образец 153	м	30.09.1974	62274358	Предрасположенность к развитию рака молочной железы / яичников (гены BRCA1 и BRCA2, метод NGS)		
Тестовый образец 154	ж	29.12.1981	62299811	Определение статуса генов BRCA1 и BRCA2 методом NGS		
Тестовый образец 155	м	19.02.1959	62299828	Предрасположенность к развитию рака молочной железы / яичников (гены BRCA1 и BRCA2, метод NGS)		
Тестовый образец 156	ж	31.07.1984	62299829	Определение статуса генов BRCA1 и BRCA2 методом NGS		
Тестовый образец 157	м	02.01.1953	62299894	Определение статуса генов BRCA1 и BRCA2 методом NGS		chr13-32338918-A-G-hom,chr13-32340868-G-C-hom,chr13-32355250-T-C-hom,chr13-32362509-T-C-hom
Тестовый образец 158	ж	20.07.1968	62315703	Предрасположенность к развитию рака молочной железы / яичников (гены BRCA1 и BRCA2, метод NGS)		
Тестовый образец 159	м	20.11.1982	62316307	Определение статуса генов BRCA1 и BRCA2 методом NGS		
Тестовый образец 160	ж	16.01.2000	62316320	Определение статуса генов BRCA1 и BRCA2 методом NGS		chr13-32316435-G-A-het,chr13-32332592-A-C-het,chr13-32337751-A-G-het,chr13-32338918-A-G-hom,chr13-32340868-G-C-hom,chr13-32355095-A-G-het,chr13-32355250-T-C-hom,chr13-32362509-T-C-het,chr17-43071077-T-C-het,chr17-43082453-A-G-het,chr17-43091983-T-C-het,chr17-43092418-T-C-het,chr17-43092919-G-A-het,chr17-43093220-A-G-het,chr17-43093449-G-A-het
Тестовый образец 161	ж	08.10.2008	62316337	Определение статуса генов BRCA1 и BRCA2 методом NGS		
Тестовый образец 162	м	14.08.1993	62316345	Определение статуса генов BRCA1 и BRCA2 методом NGS		chr13-32338918-A-G-hom,chr13-32340868-G-C-hom,chr13-32355250-T-C-hom,chr13-32362509-T-C-hom,chr17-43104218-AGG-A-het
Тестовый образец 163	м	26.08.1986	62316359	Определение статуса генов BRCA1 и BRCA2 методом NGS		
Тестовый образец 164	ж	08.12.2004	62316373	Определение статуса генов BRCA1 и BRCA2 методом NGS		
Тестовый образец 165	ж	02.08.2004	62316395	Определение статуса генов BRCA1 и BRCA2 методом NGS		chr13-32316435-G-A-het,chr13-32337751-A-G-het,chr13-32338162-T-C-het,chr13-32338918-A-G-hom,chr13-32340868-G-C-hom,chr13-32355250-T-C-hom,chr17-43094464-T-C-het
Тестовый образец 166	ж	12.11.1964	62318253	Предрасположенность к развитию рака молочной железы / яичников (гены BRCA1 и BRCA2, метод NGS)		chr13-32316435-G-A-het,chr13-32337751-A-G-het,chr13-32338918-A-G-hom,chr13-32340868-G-C-hom,chr13-32355250-T-C-hom,chr13-32362509-T-C-het
Тестовый образец 167	ж	10.09.1971	62324514	Определение статуса генов BRCA1 и BRCA2 методом NGS		chr13-32316435-G-A-het,chr13-32337751-A-G-het,chr13-32338162-T-C-het,chr13-32338918-A-G-hom,chr13-32340868-G-C-hom,chr13-32355095-A-G-het,chr13-32355250-T-C-hom,chr13-32362509-T-C-het,chr17-43094464-T-C-het
Тестовый образец 168	м	20.11.1994	62394324	Предрасположенность к развитию рака молочной железы / яичников (гены BRCA1 и BRCA2, метод NGS)		chr13-32332343-A-C-het,chr13-32332843-A-G-het,chr13-32336584-T-C-het,chr13-32337326-A-G-het,chr13-32338162-T-C-het,chr13-32338918-A-G-hom,chr13-32340868-G-C-hom,chr13-32355250-T-C-hom,chr13-32362509-T-C-het,chr17-43063903-G-A-het,chr17-43071077-T-C-het,chr17-43082453-A-G-het,chr17-43091983-T-C-het,chr17-43092418-T-C-het,chr17-43092919-G-A-het,chr17-43093220-A-G-het,chr17-43093449-G-A-het,chr17-43093454-C-T-het,chr17-43124095-A-G-het
Тестовый образец 169	м	16.05.1996	62417837	Предрасположенность к развитию рака молочной железы / яичников (гены BRCA1 и BRCA2, метод NGS)		chr13-32332343-A-C-het,chr13-32332592-A-C-het,chr13-32332843-A-G-het,chr13-32336584-T-C-het,chr13-32337326-A-G-het,chr13-32338918-A-G-hom,chr13-32340868-G-C-hom,chr13-32355250-T-C-hom,chr13-32362509-T-C-het,chr17-43057062-T-TG-het
Тестовый образец 170	ж	26.07.1997	62575401	Определение статуса генов BRCA1 и BRCA2 методом NGS		chr13-32316435-G-A-het,chr13-32332592-A-C-het,chr13-32337751-A-G-het,chr13-32338918-A-G-hom,chr13-32340099-C-T-het,chr13-32340868-G-C-hom,chr13-32355095-A-G-het,chr13-32355250-T-C-hom,chr13-32362509-T-C-hom,chr17-43071077-T-C-hom,chr17-43082453-A-G-hom,chr17-43091983-T-C-hom,chr17-43092418-T-C-hom,chr17-43092919-G-A-hom,chr17-43093220-A-G-hom,chr17-43093449-G-A-hom,chr17-43093454-C-T-het,chr17-43124082-A-G-het
Тестовый образец 171	ж	14.04.1963	64641624	Определение статуса генов BRCA1 и BRCA2 методом NGS		chr13-32316435-G-A-het,chr13-32332592-A-C-het,chr13-32337751-A-G-het,chr13-32338918-A-G-hom,chr13-32340868-G-C-hom,chr13-32355095-A-G-het,chr13-32355250-T-C-hom,chr13-32356461-T-C-het,chr13-32362509-T-C-het,chr17-43071031-A-G-het,chr17-43071077-T-C-het,chr17-43082453-A-G-het,chr17-43091983-T-C-het,chr17-43092418-T-C-het,chr17-43092919-G-A-het,chr17-43093220-A-G-het,chr17-43093449-G-A-het,chr17-43093508-CAGGTTCTTTACCTTCCATGAGTTGT-C-het
Тестовый образец 172	м	07.08.1986	75923061	Определение статуса генов BRCA1 и BRCA2 методом NGS		chr13-32316435-G-A-het,chr13-32332592-A-C-het,chr13-32337751-A-G-het,chr13-32338918-A-G-hom,chr13-32340868-G-C-hom,chr13-32355095-A-G-het,chr13-32355250-T-C-hom,chr13-32362509-T-C-hom,chr17-43094464-T-C-het
Тестовый образец 173	ж	01.12.1985	75984105	Предрасположенность к развитию рака молочной железы / яичников (гены BRCA1 и BRCA2, метод NGS)		chr13-32332343-A-C-het,chr13-32332592-A-C-het,chr13-32332843-A-G-het,chr13-32336584-T-C-het,chr13-32337326-A-G-het,chr13-32338918-A-G-hom,chr13-32340868-G-C-hom,chr13-32355250-T-C-hom,chr13-32362509-T-C-het
Тестовый образец 174	м	31.12.1990	76604792	Определение статуса генов BRCA1 и BRCA2 методом NGS		chr13-32332343-A-C-het,chr13-32332843-A-G-het,chr13-32336584-T-C-het,chr13-32337326-A-G-het,chr13-32337751-A-G-het,chr13-32338918-A-G-hom,chr13-32340868-G-C-hom,chr13-32355250-T-C-hom,chr13-32362509-T-C-het
Тестовый образец 175	м	04.02.1987	81647880	Определение статуса генов BRCA1 и BRCA2 методом NGS		
Тестовый образец 176	м	06.04.1993	81993545	Определение статуса генов BRCA1 и BRCA2 методом NGS		
Тестовый образец 177	м	14.08.1999	82153368	Предрасположенность к развитию рака молочной железы / яичников (гены BRCA1 и BRCA2, метод NGS)		chr13-32316435-G-A-het,chr13-32332592-A-C-het,chr13-32337751-A-G-het,chr13-32338918-A-G-hom,chr13-32340868-G-C-hom,chr13-32355095-A-G-het,chr13-32355250-T-C-hom,chr13-32362509-T-C-het,chr17-43071031-A-G-het,chr17-43071077-T-C-het,chr17-43082453-A-G-het,chr17-43091983-T-C-het,chr17-43092418-T-C-het,chr17-43092919-G-A-het,chr17-43093220-A-G-het,chr17-43093449-G-A-het
Тестовый образец 178	ж	16.07.1975	82157556	Определение статуса генов BRCA1 и BRCA2 методом NGS		chr13-32332343-A-C-het,chr13-32332843-A-G-het,chr13-32336584-T-C-het,chr13-32337326-A-G-het,chr13-32338918-A-G-hom,chr13-32340868-G-C-hom,chr13-32355250-T-C-hom,chr13-32362509-T-C-hom,chr17-43071077-T-C-het,chr17-43082453-A-G-het,chr17-43091983-T-C-het,chr17-43092418-T-C-het,chr17-43092919-G-A-het,chr17-43093220-A-G-het,chr17-43093449-G-A-het
Тестовый образец 179	м	17.02.2000	83324097	Предрасположенность к развитию рака молочной железы / яичников (гены BRCA1 и BRCA2, метод NGS)		chr13-32316435-G-A-het,chr13-32337751-A-G-het,chr13-32338918-A-G-hom,chr13-32340868-G-C-hom,chr13-32355095-A-G-het,chr13-32355250-T-C-hom,chr13-32362509-T-C-hom
Тестовый образец 180	м	29.08.2002	87999173	Предрасположенность к развитию рака молочной железы / яичников (гены BRCA1 и BRCA2, метод NGS)		chr13-32316435-G-A-het,chr13-32332592-A-C-het,chr13-32337751-A-G-het,chr13-32338918-A-G-hom,chr13-32340868-G-C-hom,chr13-32355095-A-G-het,chr13-32355250-T-C-hom,chr13-32362509-T-C-het,chr17-43071077-T-C-hom,chr17-43082453-A-G-hom,chr17-43091983-T-C-hom,chr17-43092418-T-C-hom,chr17-43092919-G-A-hom,chr17-43093220-A-G-hom,chr17-43093449-G-A-hom
Тестовый образец 181	ж	30.08.1998	88045375	Определение статуса генов BRCA1 и BRCA2 методом NGS		chr13-32332592-A-C-het,chr13-32338918-A-G-hom,chr13-32340868-G-C-hom,chr13-32355250-T-C-hom,chr13-32362509-T-C-het,chr17-43071077-T-C-hom,chr17-43082453-A-G-hom,chr17-43091983-T-C-hom,chr17-43092418-T-C-hom,chr17-43092919-G-A-hom,chr17-43093220-A-G-hom,chr17-43093449-G-A-hom
Тестовый образец 182	м	31.03.1950	88063646	Предрасположенность к развитию рака молочной железы / яичников (гены BRCA1 и BRCA2, метод NGS)		chr13-32332592-A-C-het,chr13-32338162-T-C-het,chr13-32338918-A-G-hom,chr13-32340868-G-C-hom,chr13-32355250-T-C-hom,chr13-32398747-A-G-het
Тестовый образец 183	ж	27.02.1994	88063662	Предрасположенность к развитию рака молочной железы / яичников (гены BRCA1 и BRCA2, метод NGS)		chr13-32316435-G-A-het,chr13-32337751-A-G-het,chr13-32338918-A-G-hom,chr13-32340868-G-C-hom,chr13-32346886-G-GT-het,chr13-32355095-A-G-het,chr13-32355250-T-C-hom,chr13-32362509-T-C-hom
Тестовый образец 184	м	11.11.1987	88063707	Определение статуса генов BRCA1 и BRCA2 методом NGS		chr13-32338162-T-C-het,chr13-32338918-A-G-hom,chr13-32340868-G-C-hom,chr13-32355250-T-C-hom,chr13-32362509-T-C-het,chr17-43074471-C-A-het,chr17-43094464-T-C-het
Тестовый образец 185	ж	07.10.1995	88155524	Определение статуса генов BRCA1 и BRCA2 методом NGS		chr13-32332592-A-C-het,chr13-32338918-A-G-hom,chr13-32340868-G-C-hom,chr13-32355250-T-C-hom,chr13-32362509-T-C-het,chr13-32394673-T-C-het,chr13-32398489-A-T-het,chr17-43071077-T-C-het,chr17-43082453-A-G-het,chr17-43091983-T-C-hom,chr17-43092418-T-C-hom,chr17-43092919-G-A-hom,chr17-43093220-A-G-het,chr17-43093449-G-A-hom
Тестовый образец 186	м	21.05.1978	88213867	Предрасположенность к развитию рака молочной железы / яичников (гены BRCA1 и BRCA2, метод NGS)		chr13-32332343-A-C-het,chr13-32332592-A-C-het,chr13-32332843-A-G-het,chr13-32336584-T-C-het,chr13-32337326-A-G-het,chr13-32338918-A-G-hom,chr13-32340868-G-C-hom,chr13-32355250-T-C-hom,chr13-32362509-T-C-het
Тестовый образец 187	ж	05.02.1956	88235555	Определение статуса генов BRCA1 и BRCA2 методом NGS		chr13-32332592-A-C-hom,chr13-32338918-A-G-hom,chr13-32340868-G-C-hom,chr13-32355250-T-C-hom,chr17-43070958-C-T-het,chr17-43071077-T-C-hom,chr17-43082453-A-G-hom,chr17-43091983-T-C-hom,chr17-43092418-T-C-hom,chr17-43092919-G-A-hom,chr17-43093220-A-G-hom,chr17-43093449-G-A-hom,chr17-43093454-C-T-het
Тестовый образец 188	ж	23.01.1956	88259568	Определение статуса генов BRCA1 и BRCA2 методом NGS		chr13-32332592-A-C-het,chr13-32337751-A-G-het,chr13-32338918-A-G-hom,chr13-32340868-G-C-hom,chr13-32355095-A-G-het,chr13-32355250-T-C-hom,chr13-32362509-T-C-het
Тестовый образец 189	м	20.05.2002	88284228	Предрасположенность к развитию рака молочной железы / яичников (гены BRCA1 и BRCA2, метод NGS)		chr13-32332592-A-C-het,chr13-32338162-T-C-het,chr13-32338918-A-G-hom,chr13-32340868-G-C-hom,chr13-32355250-T-C-hom,chr13-32356461-T-C-het,chr13-32398747-A-G-het
Тестовый образец 190	ж	07.11.2002	88284240	Определение статуса генов BRCA1 и BRCA2 методом NGS		chr13-32338162-T-C-hom,chr13-32338918-A-G-hom,chr13-32340868-G-C-hom,chr13-32355250-T-C-hom,chr17-43074471-C-A-het,chr17-43094464-T-C-het
Тестовый образец 191	ж	15.10.1989	88284254	Предрасположенность к развитию рака молочной железы / яичников (гены BRCA1 и BRCA2, метод NGS)		chr13-32332592-A-C-het,chr13-32338162-T-C-het,chr13-32338918-A-G-hom,chr13-32340868-G-C-hom,chr13-32355250-T-C-hom,chr17-43071077-T-C-het,chr17-43082453-A-G-het,chr17-43091983-T-C-het,chr17-43092418-T-C-het,chr17-43092919-G-A-het,chr17-43093220-A-G-het,chr17-43093449-G-A-het
Тестовый образец 192	ж	15.12.1958	88289096	Определение статуса генов BRCA1 и BRCA2 методом NGS		
Тестовый образец 193	м	30.02.1988	88324085	Предрасположенность к развитию рака молочной железы / яичников (гены BRCA1 и BRCA2, метод NGS)		chr13-32338162-T-C-het,chr13-32338918-A-G-hom,chr13-32340868-G-C-hom,chr13-32355250-T-C-hom,chr13-32362509-T-C-het,chr17-43071077-T-C-het,chr17-43076474-T-C-het,chr17-43082453-A-G-het,chr17-43091983-T-C-het,chr17-43092418-T-C-het,chr17-43092919-G-A-het,chr17-43093220-A-G-het,chr17-43093449-G-A-het
Тестовый образец 194	ж	17.07.1998	88339855	Определение статуса генов BRCA1 и BRCA2 методом NGS		chr13-32338162-T-C-het,chr13-32338918-A-G-hom,chr13-32340868-G-C-hom,chr13-32355250-T-C-hom,chr13-32362509-T-C-het,chr17-43070958-C-T-het,chr17-43071077-T-C-het,chr17-43082453-A-G-het,chr17-43091983-T-C-het,chr17-43092418-T-C-het,chr17-43092919-G-A-het,chr17-43093220-A-G-het,chr17-43093449-G-A-het
Тестовый образец 195	м	15.09.1978	92503720	Определение статуса генов BRCA1 и BRCA2 методом NGS		
Тестовый образец 196	ж	20.09.2003	92503736	Предрасположенность к развитию рака молочной железы / яичников (гены BRCA1 и BRCA2, метод NGS)		chr13-32316435-G-A-het,chr13-32332592-A-C-het,chr13-32337751-A-G-het,chr13-32338918-A-G-hom,chr13-32340099-C-T-het,chr13-32340868-G-C-hom,chr13-32355095-A-G-het,chr13-32355250-T-C-hom,chr13-32362509-T-C-het,chr17-43071077-T-C-het,chr17-43082453-A-G-het,chr17-43091983-T-C-het,chr17-43092418-T-C-het,chr17-43092919-G-A-het,chr17-43093220-A-G-het,chr17-43093449-G-A-het
Тестовый образец 197	м	23.09.1995	92503738	Предрасположенность к развитию рака молочной железы / яичников (гены BRCA1 и BRCA2, метод NGS)		chr13-32316435-G-A-het,chr13-32337751-A-G-het,chr13-32338162-T-C-het,chr13-32338918-A-G-hom,chr13-32340868-G-C-hom,chr13-32355095-A-G-het,chr13-32355250-T-C-hom,chr13-32362509-T-C-het,chr17-43071077-T-C-het,chr17-43082453-A-G-het,chr17-43091983-T-C-het,chr17-43092418-T-C-het,chr17-43092919-G-A-het,chr17-43093220-A-G-het,chr17-43093449-G-A-het
Тестовый образец 198	м	21.11.1973	92503756	Определение статуса генов BRCA1 и BRCA2 методом NGS		chr13-32316435-G-A-het,chr13-32332592-A-C-het,chr13-32337751-A-G-het,chr13-32338918-A-G-hom,chr13-32340868-G-C-hom,chr13-32355095-A-G-het,chr13-32355250-T-C-hom,chr13-32362509-T-C-het,chr17-43071031-A-G-het,chr17-43071077-T-C-het,chr17-43082453-A-G-het,chr17-43091983-T-C-het,chr17-43092418-T-C-het,chr17-43092919-G-A-het,chr17-43093220-A-G-het,chr17-43093449-G-A-het
Тестовый образец 199	м	05.12.1991	93725877	Определение статуса генов BRCA1 и BRCA2 методом NGS		
Тестовый образец 200	ж	03.04.1972	93757368	Предрасположенность к развитию рака молочной железы / яичников (гены BRCA1 и BRCA2, метод NGS)		chr13-32337751-A-G-het,chr13-32338918-A-G-hom,chr13-32340868-G-C-hom,chr13-32355095-A-G-het,chr13-32355250-T-C-hom,chr13-32362509-T-C-hom
Тестовый образец 201	ж	18.11.1993	93757390	Определение статуса генов BRCA1 и BRCA2 методом NGS		chr13-32316435-G-A-het,chr13-32337299-A-C-het,chr13-32337751-A-G-het,chr13-32338918-A-G-hom,chr13-32340868-G-C-hom,chr13-32355095-A-G-het,chr13-32355250-T-C-hom,chr13-32362509-T-C-hom,chr17-43070958-C-T-het,chr17-43071077-T-C-het,chr17-43082453-A-G-het,chr17-43091983-T-C-het,chr17-43092418-T-C-het,chr17-43092919-G-A-het,chr17-43093220-A-G-het
Тестовый образец 202	м	30.09.1954	93757401	Предрасположенность к развитию рака молочной железы / яичников (гены BRCA1 и BRCA2, метод NGS)		chr13-32316435-G-A-het,chr13-32332592-A-C-het,chr13-32337751-A-G-het,chr13-32338918-A-G-hom,chr13-32340868-G-C-hom,chr13-32355250-T-C-hom,chr17-43070958-C-T-het,chr17-43071077-T-C-het,chr17-43082453-A-G-het,chr17-43091983-T-C-het,chr17-43092418-T-C-het,chr17-43092919-G-A-het,chr17-43093220-A-G-het,chr17-43093449-G-A-het,chr17-43106487-A-G-het
Тестовый образец 203	ж	27.07.1970	93757408	Определение статуса генов BRCA1 и BRCA2 методом NGS		chr13-32316435-G-A-het,chr13-32332343-A-C-het,chr13-32332843-A-G-het,chr13-32336584-T-C-het,chr13-32337326-A-G-het,chr13-32337751-A-G-het,chr13-32338918-A-G-hom,chr13-32340868-G-C-hom,chr13-32355250-T-C-hom,chr13-32362509-T-C-het
Тестовый образец 204	м	23.02.1994	93757409	Предрасположенность к развитию рака молочной железы / яичников (гены BRCA1 и BRCA2, метод NGS)		chr13-32332343-A-C-het,chr13-32332592-A-C-het,chr13-32332843-A-G-het,chr13-32336584-T-C-het,chr13-32337326-A-G-het,chr13-32338918-A-G-hom,chr13-32340868-G-C-hom,chr13-32355250-T-C-hom,chr13-32362509-T-C-het,chr17-43071077-T-C-het,chr17-43082453-A-G-het,chr17-43091983-T-C-het,chr17-43092418-T-C-het,chr17-43092919-G-A-het,chr17-43093220-A-G-het,chr17-43093449-G-A-het
Тестовый образец 205	м	22.08.1987	93757418	Определение статуса генов BRCA1 и BRCA2 методом NGS		chr13-32332592-A-C-het,chr13-32338918-A-G-hom,chr13-32340868-G-C-hom,chr13-32355250-T-C-hom,chr13-32362509-T-C-het,chr13-32394673-T-C-het,chr13-32398489-A-T-het
Тестовый образец 206	м	21.07.1982	93961760	Предрасположенность к развитию рака молочной железы / яичников (гены BRCA1 и BRCA2, метод NGS)		chr13-32332592-A-C-hom,chr13-32338918-A-G-hom,chr13-32340868-G-C-hom,chr13-32355250-T-C-hom,chr17-43071077-T-C-hom,chr17-43082453-A-G-hom,chr17-43091983-T-C-hom,chr17-43092418-T-C-hom,chr17-43092919-G-A-hom,chr17-43093220-A-G-hom,chr17-43093449-G-A-hom
Тестовый образец 207	ж	28.10.2009	93961765	Определение статуса генов BRCA1 и BRCA2 методом NGS		chr13-32316435-G-A-het,chr13-32332592-A-C-het,chr13-32337751-A-G-het,chr13-32338918-A-G-hom,chr13-32340868-G-C-hom,chr13-32355095-A-G-het,chr13-32355250-T-C-hom,chr13-32362509-T-C-hom,chr17-43071077-T-C-hom,chr17-43082453-A-G-het,chr17-43091983-T-C-het,chr17-43092418-T-C-het,chr17-43092919-G-A-het,chr17-43093220-A-G-het,chr17-43093449-G-A-het
Тестовый образец 208	м	01.11.1955	93961775	Предрасположенность к развитию рака молочной железы / яичников (гены BRCA1 и BRCA2, метод NGS)		chr13-32332592-A-C-het,chr13-32338918-A-G-hom,chr13-32340140-A-G-het,chr13-32340868-G-C-hom,chr13-32355250-T-C-hom,chr13-32362509-T-C-hom,chr17-43071077-T-C-hom,chr17-43082453-A-G-het,chr17-43091983-T-C-het,chr17-43092418-T-C-het,chr17-43092919-G-A-het,chr17-43093220-A-G-het,chr17-43093449-G-A-het
Тестовый образец 209	ж	29.09.1993	94025860	Определение статуса генов BRCA1 и BRCA2 методом NGS		chr13-32332592-A-C-hom,chr13-32338918-A-G-hom,chr13-32340868-G-C-hom,chr13-32355250-T-C-hom
Тестовый образец 210	ж	03.04.1984	94090010	Предрасположенность к развитию рака молочной железы / яичников (гены BRCA1 и BRCA2, метод NGS)		
Тестовый образец 211	м	30.03.1950	94090053	Предрасположенность к развитию рака молочной железы / яичников (гены BRCA1 и BRCA2, метод NGS)		chr13-32338162-T-C-het,chr13-32338918-A-G-hom,chr13-32340868-G-C-hom,chr13-32355250-T-C-hom,chr13-32362509-T-C-het,chr17-43071077-T-C-het,chr17-43082453-A-G-het,chr17-43091983-T-C-het,chr17-43092418-T-C-het,chr17-43092919-G-A-het,chr17-43093220-A-G-het,chr17-43093449-G-A-het
Тестовый образец 212	м	12.03.1971	94090107	Определение статуса генов BRCA1 и BRCA2 методом NGS		
Тестовый образец 213	ж	17.04.1959	94090110	Предрасположенность к развитию рака молочной железы / яичников (гены BRCA1 и BRCA2, метод NGS)		
Тестовый образец 214	м	04.10.1966	94090112	Предрасположенность к развитию рака молочной железы / яичников (гены BRCA1 и BRCA2, метод NGS)		
Тестовый образец 215	ж	12.07.1975	94090113	Предрасположенность к развитию рака молочной железы / яичников (гены BRCA1 и BRCA2, метод NGS)		chr13-32316435-G-A-hom,chr13-32337751-A-G-hom,chr13-32338496-AAAG-A-het,chr13-32338918-A-G-hom,chr13-32340868-G-C-hom,chr13-32355095-A-G-hom,chr13-32355250-T-C-hom,chr13-32362509-T-C-hom,chr17-43071077-T-C-het,chr17-43082453-A-G-het,chr17-43091983-T-C-het,chr17-43092418-T-C-het,chr17-43092919-G-A-het,chr17-43093220-A-G-het,chr17-43093449-G-A-het
Тестовый образец 216	ж	24.03.1990	94090117	Определение статуса генов BRCA1 и BRCA2 методом NGS		
Тестовый образец 217	м	09.03.1982	94090166	Определение статуса генов BRCA1 и BRCA2 методом NGS		chr13-32316435-G-A-het,chr13-32332592-A-C-het,chr13-32337751-A-G-het,chr13-32338918-A-G-hom,chr13-32340868-G-C-hom,chr13-32355095-A-G-het,chr13-32355250-T-C-hom,chr13-32362509-T-C-het,chr13-32370430-G-A-het,chr17-43094464-T-C-het
Тестовый образец 218	ж	16.08.1958	94090167	Предрасположенность к развитию рака молочной железы / яичников (гены BRCA1 и BRCA2, метод NGS)		chr13-32332592-A-C-het,chr13-32337751-A-G-het,chr13-32338918-A-G-hom,chr13-32340868-G-C-hom,chr13-32355095-A-G-het,chr13-32355250-T-C-hom,chr13-32362509-T-C-hom,chr17-43071077-T-C-het,chr17-43082453-A-G-het,chr17-43091983-T-C-het,chr17-43092412-C-T-het,chr17-43092418-T-C-het,chr17-43092919-G-A-het,chr17-43093220-A-G-het,chr17-43093449-G-A-het,chr17-43093454-C-T-het,chr17-43106541-T-C-het
Тестовый образец 219	ж	09.07.1955	94090190	Предрасположенность к развитию рака молочной железы / яичников (гены BRCA1 и BRCA2, метод NGS)		chr13-32316435-G-A-hom,chr13-32337751-A-G-hom,chr13-32338918-A-G-hom,chr13-32340868-G-C-hom,chr13-32355095-A-G-hom,chr13-32355250-T-C-hom,chr13-32362509-T-C-hom,chr17-43071077-T-C-het,chr17-43082453-A-G-het,chr17-43091983-T-C-het,chr17-43092418-T-C-het,chr17-43092919-G-A-het,chr17-43092965-A-G-het,chr17-43093220-A-G-het,chr17-43093449-G-A-het
Тестовый образец 220	м	15.03.1951	94090191	Определение статуса генов BRCA1 и BRCA2 методом NGS		chr13-32332592-A-C-het,chr13-32338162-T-C-het,chr13-32338918-A-G-hom,chr13-32340868-G-C-hom,chr13-32355250-T-C-hom,chr17-43094464-T-C-het
Тестовый образец 221	м	03.11.1976	94090246	Определение статуса генов BRCA1 и BRCA2 методом NGS		chr13-32316435-G-A-hom,chr13-32337751-A-G-hom,chr13-32338918-A-G-hom,chr13-32340868-G-C-hom,chr13-32355095-A-G-hom,chr13-32355250-T-C-hom,chr13-32362509-T-C-hom
Тестовый образец 222	м	06.07.2009	94090317	Предрасположенность к развитию рака молочной железы / яичников (гены BRCA1 и BRCA2, метод NGS)		chr13-32332592-A-C-hom,chr13-32338918-A-G-hom,chr13-32339554-C-T-het,chr13-32340868-G-C-hom,chr13-32355250-T-C-hom,chr17-43071077-T-C-het,chr17-43082453-A-G-het,chr17-43091983-T-C-het,chr17-43092418-T-C-het,chr17-43092919-G-A-het,chr17-43093220-A-G-het,chr17-43093449-G-A-het
Тестовый образец 223	м	18.02.1969	94090342	Определение статуса генов BRCA1 и BRCA2 методом NGS		chr13-32332592-A-C-het,chr13-32338918-A-G-hom,chr13-32340868-G-C-hom,chr13-32355250-T-C-hom,chr13-32362509-T-C-het,chr17-43071077-T-C-het,chr17-43082453-A-G-het,chr17-43091983-T-C-het,chr17-43092418-T-C-het,chr17-43092919-G-A-het,chr17-43093220-A-G-het,chr17-43093449-G-A-het
Тестовый образец 224	м	27.05.1981	94090414	Предрасположенность к развитию рака молочной железы / яичников (гены BRCA1 и BRCA2, метод NGS)		
Тестовый образец 225	м	03.04.1990	94090415	Определение статуса генов BRCA1 и BRCA2 методом NGS		chr13-32338162-T-C-het,chr13-32338918-A-G-hom,chr13-32340868-G-C-hom,chr13-32355250-T-C-hom,chr13-32362509-T-C-het
Тестовый образец 226	м	09.10.2001	94090416	Предрасположенность к развитию рака молочной железы / яичников (гены BRCA1 и BRCA2, метод NGS)		chr13-32332592-A-C-hom,chr13-32336654-A-C-het,chr13-32338918-A-G-hom,chr13-32340868-G-C-hom,chr13-32355250-T-C-hom,chr13-32362509-T-C-het,chr17-43071031-A-G-het
Тестовый образец 227	ж	26.01.1993	94090420	Предрасположенность к развитию рака молочной железы / яичников (гены BRCA1 и BRCA2, метод NGS)		chr13-32316435-G-A-het,chr13-32332592-A-C-het,chr13-32337751-A-G-het,chr13-32338918-A-G-hom,chr13-32340868-G-C-hom,chr13-32355095-A-G-het,chr13-32355250-T-C-hom,chr13-32362509-T-C-het,chr17-43070958-C-T-het,chr17-43071077-T-C-hom,chr17-43082453-A-G-hom,chr17-43091983-T-C-hom,chr17-43092418-T-C-hom,chr17-43092919-G-A-hom,chr17-43093220-A-G-hom,chr17-43093449-G-A-hom,chr17-43093454-C-T-het
Тестовый образец 228	ж	21.08.1968	94090425	Предрасположенность к развитию рака молочной железы / яичников (гены BRCA1 и BRCA2, метод NGS)		chr13-32332592-A-C-het,chr13-32338918-A-G-hom,chr13-32340868-G-C-hom,chr13-32355250-T-C-hom,chr13-32362509-T-C-het,chr17-43094464-T-C-het
Тестовый образец 229	м	22.11.1963	94090426	Предрасположенность к развитию рака молочной железы / яичников (гены BRCA1 и BRCA2, метод NGS)		
Тестовый образец 230	ж	31.10.1992	94090427	Предрасположенность к развитию рака молочной железы / яичников (гены BRCA1 и BRCA2, метод NGS)		chr13-32332592-A-C-het,chr13-32338162-T-C-het,chr13-32338918-A-G-hom,chr13-32340868-G-C-hom,chr13-32355250-T-C-hom,chr17-43071077-T-C-het,chr17-43076474-T-C-het,chr17-43082453-A-G-het,chr17-43091983-T-C-het,chr17-43092418-T-C-het,chr17-43092919-G-A-het,chr17-43093220-A-G-het,chr17-43093449-G-A-het
Тестовый образец 231	м	04.09.1972	94090439	Определение статуса генов BRCA1 и BRCA2 методом NGS		chr13-32332592-A-C-het,chr13-32338918-A-G-hom,chr13-32340868-G-C-hom,chr13-32355250-T-C-hom,chr13-32362509-T-C-het
Тестовый образец 232	м	09.09.1993	94090440	Предрасположенность к развитию рака молочной железы / яичников (гены BRCA1 и BRCA2, метод NGS)		chr13-32316435-G-A-het,chr13-32337751-A-G-het,chr13-32338162-T-C-het,chr13-32338918-A-G-hom,chr13-32340868-G-C-hom,chr13-32355250-T-C-hom,chr17-43070958-C-T-het,chr17-43071077-T-C-hom,chr17-43082453-A-G-hom,chr17-43091983-T-C-hom,chr17-43092418-T-C-hom,chr17-43092919-G-A-hom,chr17-43093220-A-G-hom,chr17-43093449-G-A-hom,chr17-43093454-C-T-het
Тестовый образец 233	м	16.09.1958	94090442	Предрасположенность к развитию рака молочной железы / яичников (гены BRCA1 и BRCA2, метод NGS)		chr13-32316435-G-A-het,chr13-32332592-A-C-het,chr13-32337751-A-G-het,chr13-32338918-A-G-hom,chr13-32340868-G-C-hom,chr13-32355095-A-G-het,chr13-32355250-T-C-hom,chr13-32362509-T-C-het,chr17-43091492-T-C-het
Тестовый образец 234	м	26.10.1975	94146270	Определение статуса генов BRCA1 и BRCA2 методом NGS		chr13-32332592-A-C-het,chr13-32338162-T-C-het,chr13-32338918-A-G-hom,chr13-32340868-G-C-hom,chr13-32355250-T-C-hom
Тестовый образец 235	ж	21.02.1993	94146297	Предрасположенность к развитию рака молочной железы / яичников (гены BRCA1 и BRCA2, метод NGS)		chr13-32332592-A-C-het,chr13-32338918-A-G-hom,chr13-32340868-G-C-hom,chr13-32355250-T-C-hom,chr13-32362509-T-C-het,chr17-43092970-G-A-het,chr17-43094464-T-C-het
Тестовый образец 236	ж	21.09.1997	94146309	Определение статуса генов BRCA1 и BRCA2 методом NGS		chr13-32316435-G-A-hom,chr13-32337751-A-G-hom,chr13-32338918-A-G-hom,chr13-32340868-G-C-hom,chr13-32355095-A-G-hom,chr13-32355250-T-C-hom,chr13-32362509-T-C-hom,chr17-43071077-T-C-het,chr17-43082453-A-G-het,chr17-43091983-T-C-het,chr17-43092418-T-C-het,chr17-43092919-G-A-het,chr17-43093220-A-G-het,chr17-43093449-G-A-het
Тестовый образец 237	ж	24.02.1974	94146446	Предрасположенность к развитию рака молочной железы / яичников (гены BRCA1 и BRCA2, метод NGS)		chr13-32332592-A-C-het,chr13-32338918-A-G-hom,chr13-32340868-G-C-hom,chr13-32355250-T-C-hom,chr13-32362509-T-C-het,chr17-43094464-T-C-het
Тестовый образец 238	ж	25.10.1980	94146447	Определение статуса генов BRCA1 и BRCA2 методом NGS		chr13-32316435-G-A-hom,chr13-32331030-G-A-het,chr13-32337751-A-G-hom,chr13-32338918-A-G-hom,chr13-32340868-G-C-hom,chr13-32355095-A-G-hom,chr13-32355250-T-C-hom,chr13-32362509-T-C-hom,chr17-43071077-T-C-het,chr17-43082453-A-G-het,chr17-43091983-T-C-het,chr17-43092418-T-C-het,chr17-43092919-G-A-het,chr17-43093220-A-G-het,chr17-43093449-G-A-het
Тестовый образец 239	ж	21.03.2008	94146770	Определение статуса генов BRCA1 и BRCA2 методом NGS		chr13-32332592-A-C-het,chr13-32338918-A-G-hom,chr13-32340868-G-C-hom,chr13-32355250-T-C-hom,chr13-32362509-T-C-het,chr17-43071077-T-C-het,chr17-43082453-A-G-het,chr17-43091983-T-C-het,chr17-43092418-T-C-het,chr17-43092919-G-A-het,chr17-43093220-A-G-het,chr17-43093449-G-A-het
Тестовый образец 240	ж	29.02.2003	94262061	Определение статуса генов BRCA1 и BRCA2 методом NGS		chr13-32338162-T-C-het,chr13-32338918-A-G-hom,chr13-32340868-G-C-hom,chr13-32355250-T-C-hom,chr13-32362509-T-C-het,chr17-43071077-T-C-het,chr17-43082453-A-G-het,chr17-43091983-T-C-het,chr17-43092418-T-C-het,chr17-43092919-G-A-het,chr17-43092965-A-G-het,chr17-43093220-A-G-het,chr17-43093449-G-A-het
Тестовый образец 241	м	18.12.1955	94262064	Определение статуса генов BRCA1 и BRCA2 методом NGS		chr13-32332592-A-C-het,chr13-32338918-A-G-hom,chr13-32340868-G-C-hom,chr13-32355250-T-C-hom,chr13-32362509-T-C-het,chr17-43071077-T-C-het,chr17-43082453-A-G-het,chr17-43091983-T-C-het,chr17-43092418-T-C-het,chr17-43092919-G-A-het,chr17-43093220-A-G-het,chr17-43093449-G-A-het
Тестовый образец 242	м	08.12.1960	94262066	Предрасположенность к развитию рака молочной железы / яичников (гены BRCA1 и BRCA2, метод NGS)		chr13-32316435-G-A-het,chr13-32332421-T-A-het,chr13-32337751-A-G-het,chr13-32338162-T-C-het,chr13-32338918-A-G-hom,chr13-32340868-G-C-hom,chr13-32355095-A-G-het,chr13-32355250-T-C-hom,chr13-32362509-T-C-het,chr17-43071077-T-C-het,chr17-43082453-A-G-het,chr17-43091983-T-C-het,chr17-43092418-T-C-het,chr17-43092919-G-A-het,chr17-43093220-A-G-het,chr17-43093449-G-A-het
Тестовый образец 243	м	28.07.1964	94487626	Предрасположенность к развитию рака молочной железы / яичников (гены BRCA1 и BRCA2, метод NGS)		chr13-32316435-G-A-het,chr13-32332343-A-C-het,chr13-32332843-A-G-het,chr13-32336584-T-C-het,chr13-32337326-A-G-het,chr13-32337751-A-G-het,chr13-32338918-A-G-hom,chr13-32340868-G-C-hom,chr13-32355095-A-G-het,chr13-32355250-T-C-hom,chr13-32362509-T-C-hom
Тестовый образец 244	ж	16.03.2008	96484747	Определение статуса генов BRCA1 и BRCA2 методом NGS		chr13-32316435-G-A-het,chr13-32337751-A-G-het,chr13-32338162-T-C-het,chr13-32338918-A-G-hom,chr13-32340868-G-C-hom,chr13-32355095-A-G-het,chr13-32355250-T-C-hom,chr13-32362509-T-C-het
Тестовый образец 245	ж	06.01.1957	96484771	Предрасположенность к развитию рака молочной железы / яичников (гены BRCA1 и BRCA2, метод NGS)		chr13-32316435-G-A-het,chr13-32337751-A-G-het,chr13-32338918-A-G-hom,chr13-32340868-G-C-hom,chr13-32355250-T-C-hom,chr13-32362509-T-C-het
Тестовый образец 246	м	28.01.1981	96497315	Предрасположенность к развитию рака молочной железы / яичников (гены BRCA1 и BRCA2, метод NGS)		chr13-32337751-A-G-het,chr13-32338162-T-C-het,chr13-32338918-A-G-hom,chr13-32340868-G-C-hom,chr13-32355095-A-G-het,chr13-32355250-T-C-hom,chr13-32362509-T-C-het
Тестовый образец 247	ж	31.01.1973	96497328	Предрасположенность к развитию рака молочной железы / яичников (гены BRCA1 и BRCA2, метод NGS)		chr13-32338162-T-C-het,chr13-32338918-A-G-hom,chr13-32340868-G-C-hom,chr13-32355250-T-C-hom,chr13-32362509-T-C-het
Тестовый образец 248	м	24.04.1967	96736610	Определение статуса генов BRCA1 и BRCA2 методом NGS		chr13-32316435-G-A-hom,chr13-32337751-A-G-hom,chr13-32338918-A-G-hom,chr13-32340868-G-C-hom,chr13-32355095-A-G-hom,chr13-32355250-T-C-hom,chr13-32362509-T-C-hom
Тестовый образец 249	м	23.09.1954	580674746	Определение статуса генов BRCA1 и BRCA2 методом NGS		chr13-32316435-G-A-het,chr13-32337751-A-G-het,chr13-32338918-A-G-hom,chr13-32340868-G-C-hom,chr13-32355095-A-G-het,chr13-32355250-T-C-hom,chr13-32362509-T-C-hom,chr17-43071077-T-C-het,chr17-43082453-A-G-het,chr17-43091983-T-C-het,chr17-43092418-T-C-het,chr17-43092919-G-A-het,chr17-43093220-A-G-het,chr17-43093449-G-A-het
Тестовый образец 250	ж	07.04.1996	940920113	Определение статуса генов BRCA1 и BRCA2 методом NGS		chr13-32316435-G-A-hom,chr13-32337751-A-G-hom,chr13-32338496-AAAG-A-het,chr13-32338918-A-G-hom,chr13-32340868-G-C-hom,chr13-32355095-A-G-hom,chr13-32355250-T-C-hom,chr13-32362509-T-C-hom,chr17-43071077-T-C-het,chr17-43082453-A-G-het,chr17-43091983-T-C-het,chr17-43092418-T-C-het,chr17-43092919-G-A-het,chr17-43093220-A-G-het,chr17-43093449-G-A-het
Тестовый образец 251	ж	19.04.1971	1000880708	Предрасположенность к развитию рака молочной железы / яичников (гены BRCA1 и BRCA2, метод NGS)		
Тестовый образец 252	ж	20.02.1961	1000928668	Определение статуса генов BRCA1 и BRCA2 методом NGS		
Тестовый образец 253	ж	16.08.1965	1000935585	Определение статуса генов BRCA1 и BRCA2 методом NGS		
Тестовый образец 254	ж	21.08.1964	1000982069	Предрасположенность к развитию рака молочной железы / яичников (гены BRCA1 и BRCA2, метод NGS)		chr13-32316435-G-A-het,chr13-32337751-A-G-het,chr13-32338162-T-C-het,chr13-32338918-A-G-hom,chr13-32340099-C-T-het,chr13-32340868-G-C-hom,chr13-32355095-A-G-het,chr13-32355250-T-C-hom,chr13-32362509-T-C-het,chr17-43071077-T-C-het,chr17-43082453-A-G-het,chr17-43091983-T-C-het,chr17-43092418-T-C-het,chr17-43092919-G-A-het,chr17-43093220-A-G-het,chr17-43093449-G-A-het,chr17-43094464-T-C-het
Тестовый образец 255	ж	07.03.1959	1003556642	Определение статуса генов BRCA1 и BRCA2 методом NGS		chr13-32316435-G-A-het,chr13-32337751-A-G-het,chr13-32338162-T-C-het,chr13-32338918-A-G-hom,chr13-32340868-G-C-hom,chr13-32355095-A-G-het,chr13-32355250-T-C-hom,chr13-32362509-T-C-het
Тестовый образец 256	м	21.06.1966	1003648844	Определение статуса генов BRCA1 и BRCA2 методом NGS		
Тестовый образец 257	ж	04.08.1991	1003649141	Предрасположенность к развитию рака молочной железы / яичников (гены BRCA1 и BRCA2, метод NGS)		
Тестовый образец 258	м	07.03.1974	1003756505	Предрасположенность к развитию рака молочной железы / яичников (гены BRCA1 и BRCA2, метод NGS)		
Тестовый образец 259	ж	06.03.1974	1003756517	Предрасположенность к развитию рака молочной железы / яичников (гены BRCA1 и BRCA2, метод NGS)		chr13-32332592-A-C-het,chr13-32338918-A-G-hom,chr13-32340868-G-C-hom,chr13-32355250-T-C-hom,chr13-32362509-T-C-het,chr17-43070958-C-T-het,chr17-43071077-T-C-het,chr17-43082453-A-G-het,chr17-43091983-T-C-het,chr17-43092418-T-C-het,chr17-43092919-G-A-het,chr17-43093220-A-G-het,chr17-43093449-G-A-het
Тестовый образец 260	ж	10.01.1982	1003756755	Предрасположенность к развитию рака молочной железы / яичников (гены BRCA1 и BRCA2, метод NGS)		chr13-32316435-G-A-het,chr13-32337751-A-G-het,chr13-32338918-A-G-hom,chr13-32340868-G-C-hom,chr13-32355250-T-C-hom,chr13-32362509-T-C-het,chr17-43071077-T-C-het,chr17-43082453-A-G-het,chr17-43091983-T-C-het,chr17-43092418-T-C-het,chr17-43092919-G-A-het,chr17-43093220-A-G-het,chr17-43093449-G-A-het
Тестовый образец 261	м	12.04.1984	1003767080	Предрасположенность к развитию рака молочной железы / яичников (гены BRCA1 и BRCA2, метод NGS)		chr13-32332592-A-C-het,chr13-32338162-T-C-het,chr13-32338918-A-G-hom,chr13-32340868-G-C-hom,chr13-32355250-T-C-hom,chr13-32363389-G-T-het,chr13-32398747-A-G-het
Тестовый образец 262	м	24.12.1969	1003767141	Предрасположенность к развитию рака молочной железы / яичников (гены BRCA1 и BRCA2, метод NGS)		chr13-32316435-G-A-het,chr13-32337751-A-G-het,chr13-32338162-T-C-het,chr13-32338918-A-G-hom,chr13-32340868-G-C-hom,chr13-32355095-A-G-het,chr13-32355250-T-C-hom,chr13-32362509-T-C-het,chr17-43071077-T-C-het,chr17-43082453-A-G-het,chr17-43091492-T-C-het,chr17-43091983-T-C-het,chr17-43092418-T-C-het,chr17-43092919-G-A-het,chr17-43093220-A-G-het,chr17-43093449-G-A-het
Тестовый образец 263	ж	16.07.1953	1003777064	Определение статуса генов BRCA1 и BRCA2 методом NGS		chr13-32332343-A-C-het,chr13-32332592-A-C-het,chr13-32332843-A-G-het,chr13-32336584-T-C-het,chr13-32337326-A-G-het,chr13-32338918-A-G-hom,chr13-32340868-G-C-hom,chr13-32355250-T-C-hom,chr13-32362509-T-C-het,chr13-32363389-G-T-het,chr17-43071077-T-C-het,chr17-43082453-A-G-het,chr17-43091983-T-C-het,chr17-43092418-T-C-het,chr17-43092919-G-A-het,chr17-43093220-A-G-het,chr17-43093449-G-A-het
Тестовый образец 264	ж	29.08.1961	1003777178	Предрасположенность к развитию рака молочной железы / яичников (гены BRCA1 и BRCA2, метод NGS)		chr13-32332592-A-C-hom,chr13-32338918-A-G-hom,chr13-32340868-G-C-hom,chr13-32355250-T-C-hom,chr17-43082547-A-ATCAGGTTATGTTGCATGGTATCC-het,chr17-43094464-T-C-hom
Тестовый образец 265	м	14.09.1974	1003795972	Предрасположенность к развитию рака молочной железы / яичников (гены BRCA1 и BRCA2, метод NGS)		chr13-32316435-G-A-het,chr13-32337751-A-G-het,chr13-32338918-A-G-hom,chr13-32340868-G-C-hom,chr13-32355250-T-C-hom,chr13-32362509-T-C-het,chr17-43071077-T-C-het,chr17-43082453-A-G-het,chr17-43091983-T-C-het,chr17-43092418-T-C-het,chr17-43092919-G-A-het,chr17-43093220-A-G-het,chr17-43093449-G-A-het,chr17-43094464-T-C-het,chr17-43106487-A-C-het
Тестовый образец 266	ж	12.02.1968	1003796208	Предрасположенность к развитию рака молочной железы / яичников (гены BRCA1 и BRCA2, метод NGS)		chr13-32316435-G-A-het,chr13-32319207-A-G-het,chr13-32332592-A-C-het,chr13-32337160-TAAAC-T-het,chr13-32337751-A-G-het,chr13-32338918-A-G-hom,chr13-32340868-G-C-hom,chr13-32355250-T-C-hom,chr17-43070958-C-T-het,chr17-43071077-T-C-hom,chr17-43082453-A-G-hom,chr17-43091983-T-C-hom,chr17-43092418-T-C-hom,chr17-43092919-G-A-hom,chr17-43093220-A-G-hom,chr17-43093449-G-A-hom
Тестовый образец 267	м	31.06.1952	1003796210	Предрасположенность к развитию рака молочной железы / яичников (гены BRCA1 и BRCA2, метод NGS)		chr13-32316435-G-A-het,chr13-32332343-A-C-het,chr13-32332843-A-G-het,chr13-32336584-T-C-het,chr13-32337326-A-G-het,chr13-32337751-A-G-het,chr13-32338918-A-G-hom,chr13-32340868-G-C-hom,chr13-32355095-A-G-het,chr13-32355250-T-C-hom,chr13-32362509-T-C-hom
Тестовый образец 268	м	17.08.1960	1003796256	Определение статуса генов BRCA1 и BRCA2 методом NGS		chr13-32332343-A-C-het,chr13-32332592-A-C-het,chr13-32332843-A-G-het,chr13-32336584-T-C-het,chr13-32337326-A-G-het,chr13-32338918-A-G-hom,chr13-32340868-G-C-hom,chr13-32355250-T-C-hom,chr13-32362509-T-C-het,chr17-43071077-T-C-het,chr17-43082453-A-G-het,chr17-43091983-T-C-het,chr17-43092418-T-C-het,chr17-43092919-G-A-het,chr17-43093220-A-G-het,chr17-43093449-G-A-het
Тестовый образец 269	ж	13.03.1985	1003804373	Определение статуса генов BRCA1 и BRCA2 методом NGS		
Тестовый образец 270	м	30.04.1955	1003807840	Предрасположенность к развитию рака молочной железы / яичников (гены BRCA1 и BRCA2, метод NGS)		chr13-32316435-G-A-hom,chr13-32337751-A-G-hom,chr13-32338613-G-T-het,chr13-32338918-A-G-hom,chr13-32340868-G-C-hom,chr13-32355095-A-G-het,chr13-32355250-T-C-hom,chr13-32362509-T-C-het
Тестовый образец 271	м	04.06.1950	1003807908	Определение статуса генов BRCA1 и BRCA2 методом NGS		chr13-32337410-C-G-het,chr13-32338162-T-C-hom,chr13-32338918-A-G-hom,chr13-32340868-G-C-hom,chr13-32355250-T-C-hom,chr17-43071031-A-G-het
Тестовый образец 272	ж	21.07.1992	1003821383	Определение статуса генов BRCA1 и BRCA2 методом NGS		chr13-32332592-A-C-het,chr13-32338918-A-G-hom,chr13-32340868-G-C-hom,chr13-32355250-T-C-hom,chr13-32362509-T-C-het,chr13-32363389-G-T-het,chr17-43071077-T-C-het,chr17-43082453-A-G-het,chr17-43091983-T-C-het,chr17-43092418-T-C-het,chr17-43092919-G-A-het,chr17-43093220-A-G-het,chr17-43093449-G-A-het,chr17-43115746-C-T-het
Тестовый образец 273	ж	25.12.1967	1003828623	Предрасположенность к развитию рака молочной железы / яичников (гены BRCA1 и BRCA2, метод NGS)		
Тестовый образец 274	ж	06.09.1989	1003829037	Предрасположенность к развитию рака молочной железы / яичников (гены BRCA1 и BRCA2, метод NGS)		
Тестовый образец 275	м	30.10.1960	1003829061	Предрасположенность к развитию рака молочной железы / яичников (гены BRCA1 и BRCA2, метод NGS)		
Тестовый образец 276	ж	07.08.1997	1003830990	Предрасположенность к развитию рака молочной железы / яичников (гены BRCA1 и BRCA2, метод NGS)		
Тестовый образец 277	м	28.07.2001	1003841898	Предрасположенность к развитию рака молочной железы / яичников (гены BRCA1 и BRCA2, метод NGS)		
Тестовый образец 278	ж	09.09.1995	1003841899	Определение статуса генов BRCA1 и BRCA2 методом NGS		
Тестовый образец 279	м	04.06.1961	1003842809	Определение статуса генов BRCA1 и BRCA2 методом NGS		
Тестовый образец 280	ж	23.01.2005	1003842845	Определение статуса генов BRCA1 и BRCA2 методом NGS		
Тестовый образец 281	ж	17.06.2002	1003856936	Определение статуса генов BRCA1 и BRCA2 методом NGS		
Тестовый образец 282	ж	04.05.1989	1003864769	Предрасположенность к развитию рака молочной железы / яичников (гены BRCA1 и BRCA2, метод NGS)		
Тестовый образец 283	м	23.09.2001	1003864797	Определение статуса генов BRCA1 и BRCA2 методом NGS		
Тестовый образец 284	ж	13.03.1986	1003864837	Предрасположенность к развитию рака молочной железы / яичников (гены BRCA1 и BRCA2, метод NGS)		
Тестовый образец 285	м	22.09.1982	1003865165	Определение статуса генов BRCA1 и BRCA2 методом NGS		
Тестовый образец 286	ж	04.03.1966	1003883333	Предрасположенность к развитию рака молочной железы / яичников (гены BRCA1 и BRCA2, метод NGS)		
Тестовый образец 287	м	02.10.1997	1003887517	Определение статуса генов BRCA1 и BRCA2 методом NGS		
Тестовый образец 288	м	14.04.1997	1003889134	Предрасположенность к развитию рака молочной железы / яичников (гены BRCA1 и BRCA2, метод NGS)		
Тестовый образец 289	ж	22.06.1997	1003912342	Определение статуса генов BRCA1 и BRCA2 методом NGS		
Тестовый образец 290	м	25.05.1975	1003913865	Определение статуса генов BRCA1 и BRCA2 методом NGS		
Тестовый образец 291	м	21.10.1984	1003932215	Предрасположенность к развитию рака молочной железы / яичников (гены BRCA1 и BRCA2, метод NGS)		
Тестовый образец 292	ж	24.10.1953	1004005454	Предрасположенность к развитию рака молочной железы / яичников (гены BRCA1 и BRCA2, метод NGS)		
Тестовый образец 293	ж	19.02.1973	1004171975	Предрасположенность к развитию рака молочной железы / яичников (гены BRCA1 и BRCA2, метод NGS)		
Тестовый образец 294	м	21.07.2001	1010745943	Определение статуса генов BRCA1 и BRCA2 методом NGS		
Тестовый образец 295	ж	18.02.1965	1010770417	Определение статуса генов BRCA1 и BRCA2 методом NGS		
Тестовый образец 296	ж	22.08.2009	1010859434	Определение статуса генов BRCA1 и BRCA2 методом NGS		
Тестовый образец 297	ж	02.11.1966	1010859784	Определение статуса генов BRCA1 и BRCA2 методом NGS		
Тестовый образец 298	м	26.06.1972	1010859812	Определение статуса генов BRCA1 и BRCA2 методом NGS		
Тестовый образец 299	ж	11.08.1975	1010909424	Предрасположенность к развитию рака молочной железы / яичников (гены BRCA1 и BRCA2, метод NGS)		
Тестовый образец 300	ж	23.03.2007	1010910551	Предрасположенность к развитию рака молочной железы / яичников (гены BRCA1 и BRCA2, метод NGS)		
Тестовый образец 301	ж	16.02.2002	1010912941	Определение статуса генов BRCA1 и BRCA2 методом NGS		
Тестовый образец 302	м	26.10.1961	1010945383	Предрасположенность к развитию рака молочной железы / яичников (гены BRCA1 и BRCA2, метод NGS)		
Тестовый образец 303	ж	13.01.1964	1010964702	Предрасположенность к развитию рака молочной железы / яичников (гены BRCA1 и BRCA2, метод NGS)		
Тестовый образец 304	м	23.07.1957	1010966908	Определение статуса генов BRCA1 и BRCA2 методом NGS		
Тестовый образец 305	ж	16.10.2007	1010971761	Предрасположенность к развитию рака молочной железы / яичников (гены BRCA1 и BRCA2, метод NGS)		
Тестовый образец 306	м	02.02.1962	1010994206	Предрасположенность к развитию рака молочной железы / яичников (гены BRCA1 и BRCA2, метод NGS)		
Тестовый образец 307	м	17.11.1983	1010994351	Предрасположенность к развитию рака молочной железы / яичников (гены BRCA1 и BRCA2, метод NGS)		
Тестовый образец 308	ж	09.03.1984	1010996793	Определение статуса генов BRCA1 и BRCA2 методом NGS		
Тестовый образец 309	ж	30.08.2003	1011004230	Предрасположенность к развитию рака молочной железы / яичников (гены BRCA1 и BRCA2, метод NGS)		
Тестовый образец 310	ж	02.10.1957	1011034241	Определение статуса генов BRCA1 и BRCA2 методом NGS		
Тестовый образец 311	м	12.06.1953	1011034348	Определение статуса генов BRCA1 и BRCA2 методом NGS		
Тестовый образец 312	ж	31.03.1967	1011046592	Определение статуса генов BRCA1 и BRCA2 методом NGS		
Тестовый образец 313	ж	20.04.1958	1011049336	Определение статуса генов BRCA1 и BRCA2 методом NGS		
Тестовый образец 314	ж	05.08.1954	1011054707	Предрасположенность к развитию рака молочной железы / яичников (гены BRCA1 и BRCA2, метод NGS)		
Тестовый образец 315	м	31.05.1968	1011079099	Предрасположенность к развитию рака молочной железы / яичников (гены BRCA1 и BRCA2, метод NGS)		
Тестовый образец 316	м	14.05.1957	1051516629	Предрасположенность к развитию рака молочной железы / яичников (гены BRCA1 и BRCA2, метод NGS)		
Тестовый образец 317	ж	14.02.2009	1060023868	Предрасположенность к развитию рака молочной железы / яичников (гены BRCA1 и BRCA2, метод NGS)		
Тестовый образец 318	м	20.03.1966	1060023881	Предрасположенность к развитию рака молочной железы / яичников (гены BRCA1 и BRCA2, метод NGS)		
Тестовый образец 319	ж	29.06.1959	1060047609	Предрасположенность к развитию рака молочной железы / яичников (гены BRCA1 и BRCA2, метод NGS)		
Тестовый образец 320	м	05.11.1951	1060093049	Определение статуса генов BRCA1 и BRCA2 методом NGS		
Тестовый образец 321	ж	16.02.2005	1060104540	Определение статуса генов BRCA1 и BRCA2 методом NGS		
Тестовый образец 322	м	19.10.1994	1060104651	Предрасположенность к развитию рака молочной железы / яичников (гены BRCA1 и BRCA2, метод NGS)		
Тестовый образец 323	м	22.07.1993	1060105050	Предрасположенность к развитию рака молочной железы / яичников (гены BRCA1 и BRCA2, метод NGS)		
Тестовый образец 324	м	14.06.1991	1060105078	Предрасположенность к развитию рака молочной железы / яичников (гены BRCA1 и BRCA2, метод NGS)		
Тестовый образец 325	м	23.12.1976	1060105100	Предрасположенность к развитию рака молочной железы / яичников (гены BRCA1 и BRCA2, метод NGS)		
Тестовый образец 326	ж	01.11.1964	1060105107	Определение статуса генов BRCA1 и BRCA2 методом NGS		
Тестовый образец 327	м	19.10.1982	1060108946	Предрасположенность к развитию рака молочной железы / яичников (гены BRCA1 и BRCA2, метод NGS)		
Тестовый образец 328	ж	23.08.1980	1060109057	Определение статуса генов BRCA1 и BRCA2 методом NGS		
Тестовый образец 329	м	26.11.1974	1060109131	Предрасположенность к развитию рака молочной железы / яичников (гены BRCA1 и BRCA2, метод NGS)		
Тестовый образец 330	ж	17.05.1984	1060109348	Предрасположенность к развитию рака молочной железы / яичников (гены BRCA1 и BRCA2, метод NGS)		
Тестовый образец 331	ж	26.11.1975	1060109354	Определение статуса генов BRCA1 и BRCA2 методом NGS		
Тестовый образец 332	м	04.06.1992	1060109425	Предрасположенность к развитию рака молочной железы / яичников (гены BRCA1 и BRCA2, метод NGS)		
Тестовый образец 333	м	14.08.1987	1060117264	Определение статуса генов BRCA1 и BRCA2 методом NGS		
Тестовый образец 334	м	25.05.1961	1060129032	Предрасположенность к развитию рака молочной железы / яичников (гены BRCA1 и BRCA2, метод NGS)		
Тестовый образец 335	ж	31.10.1977	1060142146	Предрасположенность к развитию рака молочной железы / яичников (гены BRCA1 и BRCA2, метод NGS)		
Тестовый образец 336	м	01.12.1988	1060143326	Предрасположенность к развитию рака молочной железы / яичников (гены BRCA1 и BRCA2, метод NGS)		
Тестовый образец 337	ж	11.02.1952	1060143344	Определение статуса генов BRCA1 и BRCA2 методом NGS		
Тестовый образец 338	ж	17.04.1971	1060151041	Предрасположенность к развитию рака молочной железы / яичников (гены BRCA1 и BRCA2, метод NGS)		
Тестовый образец 339	ж	15.10.1996	1060157751	Предрасположенность к развитию рака молочной железы / яичников (гены BRCA1 и BRCA2, метод NGS)		
Тестовый образец 340	м	08.08.1992	1060168796	Определение статуса генов BRCA1 и BRCA2 методом NGS		
Тестовый образец 341	м	19.03.1972	1060201965	Предрасположенность к развитию рака молочной железы / яичников (гены BRCA1 и BRCA2, метод NGS)		
Тестовый образец 342	ж	03.01.1958	1060201996	Определение статуса генов BRCA1 и BRCA2 методом NGS		
Тестовый образец 343	м	05.12.1968	1060203256	Предрасположенность к развитию рака молочной железы / яичников (гены BRCA1 и BRCA2, метод NGS)		
Тестовый образец 344	м	01.02.2000	1060212157	Определение статуса генов BRCA1 и BRCA2 методом NGS		
Тестовый образец 345	м	23.10.1998	1060212158	Предрасположенность к развитию рака молочной железы / яичников (гены BRCA1 и BRCA2, метод NGS)		
Тестовый образец 346	м	23.10.1993	1060228651	Определение статуса генов BRCA1 и BRCA2 методом NGS		
Тестовый образец 347	ж	11.10.1985	1060233988	Предрасположенность к развитию рака молочной железы / яичников (гены BRCA1 и BRCA2, метод NGS)		
Тестовый образец 348	ж	04.12.1970	1060237260	Предрасположенность к развитию рака молочной железы / яичников (гены BRCA1 и BRCA2, метод NGS)		
Тестовый образец 349	м	24.03.1952	2001128412	Предрасположенность к развитию рака молочной железы / яичников (гены BRCA1 и BRCA2, метод NGS)		
Тестовый образец 350	м	31.01.1990	2208888140	Определение статуса генов BRCA1 и BRCA2 методом NGS		
Тестовый образец 351	ж	05.09.1984	2400040388	Определение статуса генов BRCA1 и BRCA2 методом NGS		
Тестовый образец 352	м	15.08.1990	2400310701	Предрасположенность к развитию рака молочной железы / яичников (гены BRCA1 и BRCA2, метод NGS)		
Тестовый образец 353	м	23.10.1989	2400313808	Предрасположенность к развитию рака молочной железы / яичников (гены BRCA1 и BRCA2, метод NGS)		
Тестовый образец 354	м	14.06.1967	2400503564	Определение статуса генов BRCA1 и BRCA2 методом NGS		
Тестовый образец 355	ж	22.11.1975	2402450811	Предрасположенность к развитию рака молочной железы / яичников (гены BRCA1 и BRCA2, метод NGS)		
Тестовый образец 356	м	11.03.1977	3500532055	Предрасположенность к развитию рака молочной железы / яичников (гены BRCA1 и BRCA2, метод NGS)		
Тестовый образец 357	ж	27.08.1996	3500599465	Определение статуса генов BRCA1 и BRCA2 методом NGS		
Тестовый образец 358	м	20.04.1971	3500977944	Определение статуса генов BRCA1 и BRCA2 методом NGS		
Тестовый образец 359	м	16.06.1973	3500977957	Предрасположенность к развитию рака молочной железы / яичников (гены BRCA1 и BRCA2, метод NGS)		
Тестовый образец 360	ж	13.06.1970	3704113734	Предрасположенность к развитию рака молочной железы / яичников (гены BRCA1 и BRCA2, метод NGS)		
Тестовый образец 361	ж	30.10.1968	3704378951	Предрасположенность к развитию рака молочной железы / яичников (гены BRCA1 и BRCA2, метод NGS)		
Тестовый образец 362	ж	29.04.1958	3704548871	Предрасположенность к развитию рака молочной железы / яичников (гены BRCA1 и BRCA2, метод NGS)		
Тестовый образец 363	ж	22.02.1981	3705060426	Предрасположенность к развитию рака молочной железы / яичников (гены BRCA1 и BRCA2, метод NGS)		
Тестовый образец 364	ж	12.10.1975	3705060460	Определение статуса генов BRCA1 и BRCA2 методом NGS		
Тестовый образец 365	м	06.07.2003	3705062337	Предрасположенность к развитию рака молочной железы / яичников (гены BRCA1 и BRCA2, метод NGS)		
Тестовый образец 366	м	12.06.1984	3705440526	Предрасположенность к развитию рака молочной железы / яичников (гены BRCA1 и BRCA2, метод NGS)		
Тестовый образец 367	м	14.01.1971	3705724898	Определение статуса генов BRCA1 и BRCA2 методом NGS		
Тестовый образец 368	м	14.04.1951	3705799040	Определение статуса генов BRCA1 и BRCA2 методом NGS		
Тестовый образец 369	ж	26.11.1991	5000578701	Предрасположенность к развитию рака молочной железы / яичников (гены BRCA1 и BRCA2, метод NGS)		
Тестовый образец 370	ж	06.09.1993	5000844920	Определение статуса генов BRCA1 и BRCA2 методом NGS		
Тестовый образец 371	м	25.06.1986	5000844921	Определение статуса генов BRCA1 и BRCA2 методом NGS		
Тестовый образец 372	ж	08.05.1982	5000844922	Предрасположенность к развитию рака молочной железы / яичников (гены BRCA1 и BRCA2, метод NGS)		
Тестовый образец 373	м	21.03.1973	5000844968	Предрасположенность к развитию рака молочной железы / яичников (гены BRCA1 и BRCA2, метод NGS)		
Тестовый образец 374	ж	29.06.1973	5000844971	Определение статуса генов BRCA1 и BRCA2 методом NGS		
Тестовый образец 375	м	23.12.2006	5000844974	Предрасположенность к развитию рака молочной железы / яичников (гены BRCA1 и BRCA2, метод NGS)		
Тестовый образец 376	м	05.05.2000	5000944812	Предрасположенность к развитию рака молочной железы / яичников (гены BRCA1 и BRCA2, метод NGS)		
Тестовый образец 377	ж	19.04.2002	5000944817	Предрасположенность к развитию рака молочной железы / яичников (гены BRCA1 и BRCA2, метод NGS)		
Тестовый образец 378	ж	28.03.1990	5000944822	Определение статуса генов BRCA1 и BRCA2 методом NGS		
Тестовый образец 379	ж	01.11.1990	5000975759	Определение статуса генов BRCA1 и BRCA2 методом NGS		
Тестовый образец 380	м	29.06.1975	5000979272	Предрасположенность к развитию рака молочной железы / яичников (гены BRCA1 и BRCA2, метод NGS)		
Тестовый образец 381	ж	16.05.1988	5001056756	Предрасположенность к развитию рака молочной железы / яичников (гены BRCA1 и BRCA2, метод NGS)		
Тестовый образец 382	м	02.06.1967	5001056763	Предрасположенность к развитию рака молочной железы / яичников (гены BRCA1 и BRCA2, метод NGS)		
Тестовый образец 383	ж	21.07.1999	5001056883	Предрасположенность к развитию рака молочной железы / яичников (гены BRCA1 и BRCA2, метод NGS)		
Тестовый образец 384	ж	02.08.1967	5001056909	Предрасположенность к развитию рака молочной железы / яичников (гены BRCA1 и BRCA2, метод NGS)		
Тестовый образец 385	м	06.01.1989	5001056994	Определение статуса генов BRCA1 и BRCA2 методом NGS		
Тестовый образец 386	ж	07.01.1966	5001057030	Определение статуса генов BRCA1 и BRCA2 методом NGS		
Тестовый образец 387	ж	27.01.1982	5001098295	Определение статуса генов BRCA1 и BRCA2 методом NGS		
Тестовый образец 388	м	14.04.1965	5001246123	Определение статуса генов BRCA1 и BRCA2 методом NGS		
Тестовый образец 389	м	20.08.1964	5001246819	Определение статуса генов BRCA1 и BRCA2 методом NGS		
Тестовый образец 390	м	19.04.1988	5001368858	Определение статуса генов BRCA1 и BRCA2 методом NGS		
Тестовый образец 391	ж	29.04.2005	5001445219	Предрасположенность к развитию рака молочной железы / яичников (гены BRCA1 и BRCA2, метод NGS)		
Тестовый образец 392	м	07.11.1972	5001445539	Определение статуса генов BRCA1 и BRCA2 методом NGS		
Тестовый образец 393	ж	31.02.1956	6353463701	Предрасположенность к развитию рака молочной железы / яичников (гены BRCA1 и BRCA2, метод NGS)		
Тестовый образец 394	м	17.09.1978	6357937701	Предрасположенность к развитию рака молочной железы / яичников (гены BRCA1 и BRCA2, метод NGS)		
Тестовый образец 395	м	20.12.1991	7003469880	Предрасположенность к развитию рака молочной железы / яичников (гены BRCA1 и BRCA2, метод NGS)		
Тестовый образец 396	м	27.12.1991	7003593910	Определение статуса генов BRCA1 и BRCA2 методом NGS		
Тестовый образец 397	м	31.10.1999	7003612094	Предрасположенность к развитию рака молочной железы / яичников (гены BRCA1 и BRCA2, метод NGS)		
Тестовый образец 398	ж	28.07.1965	7003681831	Предрасположенность к развитию рака молочной железы / яичников (гены BRCA1 и BRCA2, метод NGS)		
Тестовый образец 399	м	03.07.1976	7003717707	Предрасположенность к развитию рака молочной железы / яичников (гены BRCA1 и BRCA2, метод NGS)		
Тестовый образец 400	ж	12.07.1956	7003737003	Предрасположенность к развитию рака молочной железы / яичников (гены BRCA1 и BRCA2, метод NGS)		
Тестовый образец 401	м	12.08.1987	7003757916	Определение статуса генов BRCA1 и BRCA2 методом NGS		
Тестовый образец 402	ж	02.04.1990	7003781884	Предрасположенность к развитию рака молочной железы / яичников (гены BRCA1 и BRCA2, метод NGS)		
Тестовый образец 403	м	28.01.1992	7003782014	Определение статуса генов BRCA1 и BRCA2 методом NGS		
Тестовый образец 404	м	18.06.1958	7003782033	Предрасположенность к развитию рака молочной железы / яичников (гены BRCA1 и BRCA2, метод NGS)		
Тестовый образец 405	ж	19.07.1957	7003798900	Предрасположенность к развитию рака молочной железы / яичников (гены BRCA1 и BRCA2, метод NGS)		
Тестовый образец 406	м	26.04.2008	7003799010	Предрасположенность к развитию рака молочной железы / яичников (гены BRCA1 и BRCA2, метод NGS)		
Тестовый образец 407	м	01.04.1983	7003802634	Определение статуса генов BRCA1 и BRCA2 методом NGS		
Тестовый образец 408	ж	31.04.1998	7003838197	Предрасположенность к развитию рака молочной железы / яичников (гены BRCA1 и BRCA2, метод NGS)		
Тестовый образец 409	м	01.10.1992	7003838256	Предрасположенность к развитию рака молочной железы / яичников (гены BRCA1 и BRCA2, метод NGS)		
Тестовый образец 410	ж	30.03.1959	7003838258	Определение статуса генов BRCA1 и BRCA2 методом NGS		
Тестовый образец 411	м	29.10.1970	7003838260	Определение статуса генов BRCA1 и BRCA2 методом NGS		
Тестовый образец 412	ж	01.07.1975	7003838267	Определение статуса генов BRCA1 и BRCA2 методом NGS		
Тестовый образец 413	м	28.07.1991	7003848229	Предрасположенность к развитию рака молочной железы / яичников (гены BRCA1 и BRCA2, метод NGS)		
Тестовый образец 414	м	15.08.1986	7003854370	Определение статуса генов BRCA1 и BRCA2 методом NGS		
Тестовый образец 415	ж	19.05.1973	7003854414	Определение статуса генов BRCA1 и BRCA2 методом NGS		
Тестовый образец 416	м	19.12.1973	7003854463	Определение статуса генов BRCA1 и BRCA2 методом NGS		
Тестовый образец 417	м	23.09.2008	7003854506	Предрасположенность к развитию рака молочной железы / яичников (гены BRCA1 и BRCA2, метод NGS)		
Тестовый образец 418	м	30.05.1958	7003877707	Предрасположенность к развитию рака молочной железы / яичников (гены BRCA1 и BRCA2, метод NGS)		
Тестовый образец 419	м	22.03.2000	7003877724	Предрасположенность к развитию рака молочной железы / яичников (гены BRCA1 и BRCA2, метод NGS)		
Тестовый образец 420	ж	26.05.1998	7003918202	Определение статуса генов BRCA1 и BRCA2 методом NGS		
Тестовый образец 421	ж	23.12.1959	7003931877	Предрасположенность к развитию рака молочной железы / яичников (гены BRCA1 и BRCA2, метод NGS)		
Тестовый образец 422	ж	14.07.1962	7003941022	Определение статуса генов BRCA1 и BRCA2 методом NGS		
Тестовый образец 423	м	04.12.1970	7003941501	Предрасположенность к развитию рака молочной железы / яичников (гены BRCA1 и BRCA2, метод NGS)		
Тестовый образец 424	ж	29.06.1991	7003941514	Предрасположенность к развитию рака молочной железы / яичников (гены BRCA1 и BRCA2, метод NGS)		
Тестовый образец 425	м	26.10.2004	7003941528	Предрасположенность к развитию рака молочной железы / яичников (гены BRCA1 и BRCA2, метод NGS)		
Тестовый образец 426	м	23.09.1959	7003941541	Определение статуса генов BRCA1 и BRCA2 методом NGS		
Тестовый образец 427	ж	12.06.2002	7003985836	Определение статуса генов BRCA1 и BRCA2 методом NGS		
Тестовый образец 428	м	16.07.1998	7003988904	Предрасположенность к развитию рака молочной железы / яичников (гены BRCA1 и BRCA2, метод NGS)		
Тестовый образец 429	ж	16.03.1954	7004013364	Предрасположенность к развитию рака молочной железы / яичников (гены BRCA1 и BRCA2, метод NGS)		
Тестовый образец 430	ж	17.12.1975	7004013379	Предрасположенность к развитию рака молочной железы / яичников (гены BRCA1 и BRCA2, метод NGS)		
Тестовый образец 431	ж	30.10.1956	7004086509	Предрасположенность к развитию рака молочной железы / яичников (гены BRCA1 и BRCA2, метод NGS)		
Тестовый образец 432	м	24.07.1962	7004341276	Предрасположенность к развитию рака молочной железы / яичников (гены BRCA1 и BRCA2, метод NGS)		
Тестовый образец 433	м	09.05.1995	7004751651	Определение статуса генов BRCA1 и BRCA2 методом NGS		
Тестовый образец 434	м	29.05.1986	9800285144	Предрасположенность к развитию рака молочной железы / яичников (гены BRCA1 и BRCA2, метод NGS)		
Тестовый образец 435	ж	23.05.1997	9800333999	Определение статуса генов BRCA1 и BRCA2 методом NGS		
Тестовый образец 436	ж	30.07.2006	9800335294	Предрасположенность к развитию рака молочной железы / яичников (гены BRCA1 и BRCA2, метод NGS)		
Тестовый образец 437	м	14.08.1972	9800335617	Определение статуса генов BRCA1 и BRCA2 методом NGS		
Тестовый образец 438	ж	18.11.1968	10038008067	Предрасположенность к развитию рака молочной железы / яичников (гены BRCA1 и BRCA2, метод NGS)		
Тестовый образец 439	м	19.02.1989	10109771781	Предрасположенность к развитию рака молочной железы / яичников (гены BRCA1 и BRCA2, метод NGS)		
Тестовый образец 440	м	19.04.1967	10120859185	Предрасположенность к развитию рака молочной железы / яичников (гены BRCA1 и BRCA2, метод NGS)		
Тестовый образец 441	м	22.11.2007	24033734190	Предрасположенность к развитию рака молочной железы / яичников (гены BRCA1 и BRCA2, метод NGS)		
Тестовый образец 442	ж	26.11.1998	100399466303	Определение статуса генов BRCA1 и BRCA2 методом NGS		
Тестовый образец 443	ж	14.07.2001	100407098101	Определение статуса генов BRCA1 и BRCA2 методом NGS		
Тестовый образец 444	м	17.03.2005	100415722701	Предрасположенность к развитию рака молочной железы / яичников (гены BRCA1 и BRCA2, метод NGS)		
Тестовый образец 445	м	25.06.1957	100415829501	Предрасположенность к развитию рака молочной железы / яичников (гены BRCA1 и BRCA2, метод NGS)		
Тестовый образец 446	м	17.10.1950	101125546202	Определение статуса генов BRCA1 и BRCA2 методом NGS		
Тестовый образец 447	ж	16.03.1968	101125575801	Определение статуса генов BRCA1 и BRCA2 методом NGS		
Тестовый образец 448	м	04.11.1975	106028523101	Определение статуса генов BRCA1 и BRCA2 методом NGS		
Тестовый образец 449	ж	23.03.1956	106030274901	Предрасположенность к развитию рака молочной железы / яичников (гены BRCA1 и BRCA2, метод NGS)		
Тестовый образец 450	м	16.11.1957	106031133401	Определение статуса генов BRCA1 и BRCA2 методом NGS		
Тестовый образец 451	м	09.12.1966	106035066301	Определение статуса генов BRCA1 и BRCA2 методом NGS		
Тестовый образец 452	ж	06.12.1976	106042683701	Предрасположенность к развитию рака молочной железы / яичников (гены BRCA1 и BRCA2, метод NGS)		
Тестовый образец 453	м	31.07.1987	106042688601	Предрасположенность к развитию рака молочной железы / яичников (гены BRCA1 и BRCA2, метод NGS)		
Тестовый образец 454	ж	14.08.1981	106045659101	Определение статуса генов BRCA1 и BRCA2 методом NGS		
Тестовый образец 455	м	24.11.1986	370575899901	Предрасположенность к развитию рака молочной железы / яичников (гены BRCA1 и BRCA2, метод NGS)		
